标题,链接,来源,发布时间,关键词,采集日期
《大众日报》头版： 山东国家级战新产业集群数量全国第一 - 山东省科学技术厅,https://news.google.com/rss/articles/CBMickFVX3lxTE42SDl4MWdqM0EzMnd1N2VnaGRFMjEzejNmby13ZnpFdmptbFJBQWFJYVUzWGhhRzhFUUlLa0pFUmU2d2NSUW5EMFlMVnVZYzZ3YnBNamF2RGZ2cl9nbVJ4aGF3a2UxckZZa2pJcDFHNzJ3UQ?oc=5&hl=en-US&gl=US&ceid=US:en,山东省科学技术厅,,战略新兴产业,2026-02-10
海垦集团锚定核心主业与新兴产业，谋划2026高质量发展新篇- 中国日报网 - China Daily,https://news.google.com/rss/articles/CBMifkFVX3lxTE05X3dqaVlkZnczamhrbEZQdjhQVnlXa2o0ZTJwYUpuNVB6dUdNYW1KSmE1dEhVVlRrZjVrd0hIeF9rYmJLbFp0ZklpUFJfbXlqLThkSWh0bjUwSml6NVNGMUxreFEydmtuYkN1bDFYcUFOOEdaemVUOU5zRFo1UQ?oc=5&hl=en-US&gl=US&ceid=US:en,China Daily,,战略新兴产业,2026-02-10
四川省国资国企“十四五”高质量发展取得积极成效 - 新浪财经,https://news.google.com/rss/articles/CBMimAFBVV95cUxNbmRTem8wRzh6YVpaSTdITG9SYkZrWEJjVklnWlBHVW1QSHhfaFNfU2l6a2xDNXA5NlFFdnZDaUROUF9OR3pnY0tJWnZNY1RzbnBMTDhpcVV4Q1NudHgxT2dGQ2JlZjJsbTdrR3dnLU51VGtoZjJyQVYyZFZKclpYTzgwTHlaUjdDMzlBR1ozU05iaFdpbkxNeA?oc=5&hl=en-US&gl=US&ceid=US:en,新浪财经,,战略新兴产业,2026-02-10
德昌股份拟参与设立1.5亿元产业基金 加速新兴产业战略布局 - 东方财富,https://news.google.com/rss/articles/CBMiZkFVX3lxTE1JVHNxUVp6b1N1d1Y0M1dnWXZKSi1iY3B2NG1zZDdYMmVwT0EtdWFwMzlQLTNfcXBKd2lhQmZNa3BhVXBlbG5pekVGVlRVeGlMS0NXMnQ2VXZEUXo5VU1XbDJuSUNqQQ?oc=5&hl=en-US&gl=US&ceid=US:en,东方财富,,战略新兴产业,2026-02-10
从两个“万亿元”看央企求新求变 - 央广财经,https://news.google.com/rss/articles/CBMic0FVX3lxTE1JclZDeHlYUVphZmgxNWRzaExTc1k2OU1WcmMwWEs2bHJiNHZvX01GcXpCOHQxTzdnWDVvZVRDTG0xZ0dqTmc1cmJfWFJFMHJfazNDX0N6V0FoZ0I2b25jdXpzME9xc2lCU1JPWURFWjJvRnM?oc=5&hl=en-US&gl=US&ceid=US:en,央广财经,,战略新兴产业,2026-02-10
锚定“未来”强履职 - 新浪财经,https://news.google.com/rss/articles/CBMieEFVX3lxTFBsLXRfemJwejc5NktUdUNLNUNVYzJJajByb1JVOXpfenZKNkFwaXZQajlBVEt5VkNBenNZU0ZtaUo4dUp5NUhjRUV1OXVaS2lwd2NySF9nNUVUT1lxRVNiRm1UaGVnSmNYRDRxRzc5LU1MQTdiR0xlRA?oc=5&hl=en-US&gl=US&ceid=US:en,新浪财经,,战略新兴产业,2026-02-10
德昌股份拟出资5850万元认缴合伙企业39%份额，投向战略新兴产业 - SOHU,https://news.google.com/rss/articles/CBMiiwFBVV95cUxNeEpOMFlrdUtvYy11OGZWQ0x0RjBYdWV5bm9MMzJ5MFVFaHBVa3FURVRwdzk1d2UtajNmbUloQ2FuN1VWbzlrRzY2clpQSk9SbEZ5dnBJSVN3QWV4MXJyS0NmZkZ0NHVkbnJGRFFUZUMzb0ltR1g1ek5QUnF0dEFWRkZfUGpMbVctbE1R?oc=5&hl=en-US&gl=US&ceid=US:en,SOHU,,战略新兴产业,2026-02-10
德昌股份(605555):宁波德昌电机股份有限公司关于与专业投资机构共同投资暨关联交易 - 中财网,https://news.google.com/rss/articles/CBMiVkFVX3lxTE9BZFJIZkRCRlRTNUZWQzIxd2lnV3JTajRaLVg3SW1xbE9fa0M1SmdhSEhxbnV6V0pndkRhQnNUbWlmTnJqbnRMRXNtaU43cWtVQUtkbzJn?oc=5&hl=en-US&gl=US&ceid=US:en,中财网,,战略新兴产业,2026-02-10
新兴产业占GDP达43％ 深圳“20+8”政策升级3.0版 - 新浪财经,https://news.google.com/rss/articles/CBMimAFBVV95cUxPYlZYYm1pbFZxRnQ1b2N4cnNjM09JaGNfeTMwNkdmblYxU2NHTlM0TmI1bVQ5OHdBc0swZFdpWmplX2pLZjBxcjdybjN6Z0RqYXg2d1p0T3lYQ2RWdHZvVnhEVV8wR1loYmZqcXdtTWRtSTJXTnRXQ0ZsV1RUM0dCSC1uWDNEd1ZEeXBObjEtMUduNGRSZUNxSw?oc=5&hl=en-US&gl=US&ceid=US:en,新浪财经,,战略新兴产业,2026-02-10
印度规划建设稀土矿产走廊 - TV BRICS,https://news.google.com/rss/articles/CBMiigFBVV95cUxPajEyWTA2QVEzR3lNOE84eVpDcUtFdVJrbE12Q2FNaEZrcU1mcWpjYlplTlVubHhIZnBHSWwtQWNkd0xjZEU5SHpkeEFad2lDTE5Yc1g4emZtMTRDREtuai1NNGJTM3ZUOVlQeEhTOWhyVThXZXh0YXZ4SkZ5LURDQjBSa0lCcGZ1LUE?oc=5&hl=en-US&gl=US&ceid=US:en,TV BRICS,,战略新兴产业,2026-02-10
深圳去年新增低空物流航线 82 条，累计建成各类低空起降设施超 1200 个 - 新浪财经,https://news.google.com/rss/articles/CBMijgFBVV95cUxQNVFZNlE0aXpzUnpDLXNqUWQwNUMxTENuVzVWcDVMcnVFWFgtbnBBaldYYUNFTzdqQlF3SmxXakZRcG1xOUVqZVFjOHdvQW5rMkxLVThqTkV0NFdNSldZRVMyZy1fTFR2OHZSelhfaml3d1U4YjM0VVl1OUJkc1MweHd3ZUcwX0lSM3doSVdR?oc=5&hl=en-US&gl=US&ceid=US:en,新浪财经,,战略新兴产业,2026-02-10
黑龙江省国资委以精准考核“指挥棒”激发振兴新动能 - 新浪财经,https://news.google.com/rss/articles/CBMimAFBVV95cUxNaWl2Z1VPTXRPb2VFVUtLTld4NG0zTWFBSEl2YTdrT1JHRFJkQWtrQ05MS2g3YWdPTHdVZ3NmR3pQeDA2UVo2TUFIOVo3ZXUxSDFmdTFLUzZmY0pObUFWS0pQNE9BWGZ6dElweGg3NDNuTTN3Uk5uVjQ5WlRTU01MNXhhbjN2MkxuMkdWS2R0bXFiQUtUTTJKSg?oc=5&hl=en-US&gl=US&ceid=US:en,新浪财经,,战略新兴产业,2026-02-10
新质观察｜培育和发展未来产业：财税支持政策如何提质增效 - 新浪财经,https://news.google.com/rss/articles/CBMimAFBVV95cUxPU1k1UklUV1cyWGhtcExiV3ZQSDNDMUV0WlhNYjB5WWs5b3VtbzJvSlBxTEE1N0lmZ1FISUtNOE1YSjlKM0ZXSkFXNXB3MGpiRGhPS3lLNjRnVi00M3paaUJkeUZ1c2JYNG9CaGc4dlJxUFRVaUdCMzVMZ1d2ejJXUldHXzE4V1VscXdUNkxnLXhVRzY2Q0daTw?oc=5&hl=en-US&gl=US&ceid=US:en,新浪财经,,战略新兴产业,2026-02-10
2026年31省“强产业”图景：传统、新兴、未来三维并进，推进智能化和绿色化 - 新浪财经,https://news.google.com/rss/articles/CBMieEFVX3lxTE9sUmNpOXhma2hLWDNlcTdyZWhQc08ySjBfXy0yN0FKNUluQ0NwZ0dzdXp1SXJDaFpxSENNZEFMRDBaYU5Pd2FvY0o5QTVpMnA4a2hWVnhrYVlBNndMcHp6dVY0THkzUThQT0taaWlxZ3I1UEphb01kdQ?oc=5&hl=en-US&gl=US&ceid=US:en,新浪财经,,战略新兴产业,2026-02-10
江苏GDP连续迈上4个万亿元台阶 将前瞻布局量子科技等未来产业 - 新浪财经,https://news.google.com/rss/articles/CBMimAFBVV95cUxQQjBzdUJnUW1WeXNPdUxHQklycmRLc1g3VVJNTW1aUmlYUUpMamhGNEZBSFNfMWVucm4zZmxBV2J6czg4NXY4c1NYX0JRa0hfcUlnQ1YxRk9VQl9oaENJN2hvVnRQVFNZXzBuQzlnNk15YktIYXQzZHFsZHNCLTFHTk82ZkVSbXFMbWNVRkU0eC14ajBzTDk1dQ?oc=5&hl=en-US&gl=US&ceid=US:en,新浪财经,,战略新兴产业,2026-02-10
5%！深圳2026年GDP目标定了 - 新浪财经,https://news.google.com/rss/articles/CBMihwFBVV95cUxQV3cwSnpHWVo4d1lHOUNyZHpHc1lWTDg4LW13cnctR0ZTd25JalZJYlB0aXV1cUxTV3lLLVMyZXVHY3dtbFh1VFY0blN3UXBIcUZrSVMzZXRQTVQ0bVRGZFMtMXRJV0lsQjVocnpDZzBpY1dtYXFRMkQ4T0N2MUxqTVd4R3VVQVU?oc=5&hl=en-US&gl=US&ceid=US:en,新浪财经,,战略新兴产业,2026-02-10
人民日报头版头条聚焦安徽 - 新浪财经,https://news.google.com/rss/articles/CBMimAFBVV95cUxQczllNy1HcWprcUo1dXllcHktLThraTNFU1R4dS1UMmdmUU9ITDdtMFZRU3hlRHpWZVJlejRNSEVUdkdjeFZiM1BHd25keE5MU0NIUkpnTENkZUgweE94RjVkdG5WTnI3a1h0N2s0aTl5S2dsYUZad19USjVXWW5xVTdYMU96U0hjMXVkSEw0UWtHLUxpQkthQg?oc=5&hl=en-US&gl=US&ceid=US:en,新浪财经,,战略新兴产业,2026-02-10
【最全】2025年中国医药研发外包（CRO）行业上市公司全方位对比（附业务布局汇总、业绩对比、业务规划等） - 新浪财经,https://news.google.com/rss/articles/CBMihwFBVV95cUxONHhTaXoyLUVwMmFKU29jUTl2TWpIMjR4cjBrWFV6VjlPRXF2TmY4TTVUdzdYX09DQ0h0V0RKYUNoRGtJUm1XVlZnRnVTX0o5ZXp5Znk5aEJHSWZBc043RUhvNlM0Ym9Kc2l1a0E4NDBGYTJreElTb2JBTVZYU2NIWi04NWYya1E?oc=5&hl=en-US&gl=US&ceid=US:en,新浪财经,,战略新兴产业,2026-02-10
各地两会陆续召开，产业重点纷纷明确—— 如何抢占新兴产业未来产业赛道 - SOHU,https://news.google.com/rss/articles/CBMiiwFBVV95cUxPb2NPbU1STjh2YlJHNHprM09NcmJFVDhnMnd1Vmplbmt1cExPTjJBX1pJdmhqRnFwcG9zcUNFNEhDdmw2T0Npcm1ZNWdyaEp6amdjRjh6MGExQ1hTdFdoV0c2aDVweFU4WktiY0lpcTJ1Rk1SZDdmVUpHSE5TVHE5andvQzhZRGM0X3VZ?oc=5&hl=en-US&gl=US&ceid=US:en,SOHU,,战略新兴产业,2026-02-10
武汉楚能二期80GWh新能源电池生产项目正式签约！ - SOHU,https://news.google.com/rss/articles/CBMiiwFBVV95cUxQeGhfR200QWxZWU9nNjM1Y0FHUjQyWFJWNm9NR3lOVktlYndTaXRiT1lDeXZEQ2kweC0wOEp2RlhSWnFHV0pJSU13REw2R0kxbVhrQmllSUU3OVNvNy11dE04NGI1eE45VzFWb1Y2ZG5YVmtkeS0wVmpweGNod2xiY21Da2FjeldjWVdB?oc=5&hl=en-US&gl=US&ceid=US:en,SOHU,,战略新兴产业,2026-02-10
深圳智能终端集群规模迈上万亿元台阶 39种工业产品产量占全国比重超10% - SOHU,https://news.google.com/rss/articles/CBMiiwFBVV95cUxNaHVNcExCMjlSOXZBVVRIRWswMlN0VUZ3YkoydktWXzRwcHR2TjlDRGlqQlpqNTh4UlhBeVVLVGNnVnlNUnlDbGFnbGdFWVNib2NWVURXbkc4T3pQSl81bmhtWmhiMkJDSkFFWkdIWFZpVlprSlJoNlNaUWFHdFB2NmU1ZW55dmdjRDRj?oc=5&hl=en-US&gl=US&ceid=US:en,SOHU,,战略新兴产业,2026-02-10
华泰保兴产业升级混合A净值上涨4.55%：聚焦**半导体**与**产业升级**机遇 - SOHU,https://news.google.com/rss/articles/CBMiiwFBVV95cUxQNjNaLTFVNjNmQ3NlVko3WVJPd2lLLWhfQ3dQMTRVR0t3WTF1X0RERWVDY0o0M1pJMElRM29TdWtnTDhqUVoxTjJ0NTNFcDZiREhlSGtraE5PNDF3cS1KWVhaekNTQkxJZ0JMcVF6VmZnQ0FDcWxuVnU0LVR3aElpQ1NuNF8zY1JuZlFF?oc=5&hl=en-US&gl=US&ceid=US:en,SOHU,,战略新兴产业,2026-02-10
稀土概念股走高，稀土相关ETF涨超3% - SOHU,https://news.google.com/rss/articles/CBMihwFBVV95cUxQUGRjNU9zQm9BaGpRSWFHeUZPcTlxdm9CZzRZQ1BfNmRWZVhObmRRenBobE9JWnd4YVdRdlR6eGNfVG85ekE5QXRqeUJqRGJ5bDlHdXhUckt1SW91TU9zeUVSSmZXb0dVV0YwRi1tTlJkWnktZElDdnFzaUFhMHZadEd2VnhWS1k?oc=5&hl=en-US&gl=US&ceid=US:en,SOHU,,战略新兴产业,2026-02-10
代表通道｜孙迎彤：AI时代，期待深圳在人才建设上发力 - SOHU,https://news.google.com/rss/articles/CBMiiwFBVV95cUxQenkyZlp1YzB0VTJNZjBKNVpaN2h5eXVJNXJrRUNPd3JETGVNZ2h1U05nZVllZ19nQ0xkUkRsb0JDSERhZGEzOEgwX0hZeFE1Rkg0SFp2N2dLRjZBYm93eFdfcVZ2dWhpT0Z4cEZvcHFVLVdZRmZHZlpDNnpkTmNpVC1OWEQ5dV9tVjZB?oc=5&hl=en-US&gl=US&ceid=US:en,SOHU,,战略新兴产业,2026-02-10
资产风险分类不准确，九鼎金租时任总经理助理被警告 - SOHU,https://news.google.com/rss/articles/CBMiiwFBVV95cUxQWUxXYnlsZDZtcmo1dlBrWmJrbno3TFlTV01zdUhwcGpTSERpYkM2QjJ5UzlfTzBOeS1fN25IQjd6UW9BYTdBOUxfNjFYUDd2M3JXcXhodjg3LTJTbDF6VS1aY0xGUklGTlNPUFZ5MVl2M3JITWY4cVRUWjVyeEkyWHNYcG5RRi1LVEdn?oc=5&hl=en-US&gl=US&ceid=US:en,SOHU,,战略新兴产业,2026-02-10
行业筑底期，招商蛇口凭什么稳守盈利并率先突围？-腾讯新闻 - QQ.com,https://news.google.com/rss/articles/CBMiVkFVX3lxTFBXUzdhei1nQm9iQ1Y5aG14bVdXUHcyMW9rWTl0OEdmZ3EzVENkdnRNOE1xczdiU0w0NlQ4ZHV5WFZ5U2ltQ2hfTTQwVWdZSzVfRzFsNEp3?oc=5&hl=en-US&gl=US&ceid=US:en,QQ.com,,战略新兴产业,2026-02-10
深入推进集成电路产业布局，学大教育战略投资天数智芯与启芯领航 - SOHU,https://news.google.com/rss/articles/CBMiUkFVX3lxTE9GQzk2cTNTWndTT2xQTW05T3YxWGZmNzM1WXJTa2NualhaV1lEV2x2OW9fNkxSbnhKbDVmcEVuM013TTJqSWVxbm1zT3JPd1hhRmc?oc=5&hl=en-US&gl=US&ceid=US:en,SOHU,,战略新兴产业,2026-02-10
中超控股董事会会议将揭示未来发展战略！ - SOHU,https://news.google.com/rss/articles/CBMiiwFBVV95cUxQR2p3LXZhUHF3SFJ4TnRMNXg1WUF3VDlaVGxwcnZ0MnVxUTJxZ3JKZ2hRM0wtRzRWNkFPT2V6X2t5UlFaZEdEdG5pYi1WdnVjV1Fya0xPLXJnVGI5SVlkSW1xbjNGeGtra2V0N2Uzd3I2WGx0R3BfNTdpT19RQVF2WnBFb3UxMUFmc2dj?oc=5&hl=en-US&gl=US&ceid=US:en,SOHU,,战略新兴产业,2026-02-10
首场“代表通道”亮出好声音 - 新浪财经,https://news.google.com/rss/articles/CBMimAFBVV95cUxQMjM3UjlNall4VVBKMkVkcmtBZ1JKTkdEWldSUkNRaXBNd3NqQmhzQ2U4UW8yZExEMk4xbmtld1JWa0xHVTBOR2dXYWxaZnZSZXl2SzlTd0treEhKdXpuMzhYWF91d1VXRHJJY3hjU3V1VkVWVWYxcmx5RzV2VXJmYUk1bU9uSzV2MHpwZVpaRGVfSjFZZGppUQ?oc=5&hl=en-US&gl=US&ceid=US:en,新浪财经,,战略新兴产业,2026-02-10
粤港澳大湾区国际智能检测产业园开工 助力打造“黄埔检测”区域品牌 - 风闻,https://news.google.com/rss/articles/CBMiW0FVX3lxTFBDeVRoSC1XYm84ZlZodnlRQ05DcU1IbHh3WnE0Z3I0N1RQWVNPTnlpZU16MjdjM3ZNV0xYVnFEMjdmX3pLc2stZEJCWlNhTVRpNHVEM240bDR0OFE?oc=5&hl=en-US&gl=US&ceid=US:en,风闻,,战略新兴产业,2026-02-10
政产研学精英齐聚一堂 共话AI规模化赋能之路 - SOHU,https://news.google.com/rss/articles/CBMihwFBVV95cUxNeXNucmZ6czhEeUJPelF2T0dsM3VETFlLV3pyT1lNQnVpWFdhZlpIYTBINE5uTjNySVdVdmNmalRqck1VMGxndmNBYVZRRW8xM3FUV3p3TFV6Rk1mWlBMMGNFcjluUU4ydUxsbWRoclNfdlZsalZxdWVJai1ua3d0TkdFNG4tWXc?oc=5&hl=en-US&gl=US&ceid=US:en,SOHU,,战略新兴产业,2026-02-10
财联社汽车早报2月10日 - 新浪财经,https://news.google.com/rss/articles/CBMirwFBVV95cUxQVjUxbFp3RXY5NXppa2NvdkRseXhUb2pUSTduLWlRVDRfel84SHp3VDA0cFZBbmpPMnVEUVFFakVpQ3oxX3ZhQy10elBfbVJVTGJHcHRvSUV1N3VNakZpdVVxSGlQS1B2Q2hVUmdIal91T1AwLXo0eHd5ZmkwbDZySHNQTzlMeEFFVjFESUlOc3gxcGNBVjdqYkpPQUZGUjFZM0pwR1kyV3cwNjI5M3RJ?oc=5&hl=en-US&gl=US&ceid=US:en,新浪财经,,战略新兴产业,2026-02-10
深圳已开通310条低空物流航线 - 新浪财经,https://news.google.com/rss/articles/CBMimAFBVV95cUxPUXR2WnJhVkl0LXY2VmFkX2R2VTljRmVxWHZRU0MzRjZLQlctNG5pRE9vUGpVN3dRYXQ3aU5Ma2hRQzRSNmotT083X2I1SFJnamx1NjhwWXBsbUlSRWY4aTU0dHh1WVZaVWNIN29iMmo1XzduRnNNb0ZaY2NaNUFxYUQxRUtBRlN6M3kwdXJjRVJkeGJINjZ5MA?oc=5&hl=en-US&gl=US&ceid=US:en,新浪财经,,战略新兴产业,2026-02-10
深圳集成电路、工业机器人等39种工业产品产量占全国比重超10% - 新浪财经,https://news.google.com/rss/articles/CBMimAFBVV95cUxNNm1DWG0wYWhTZF9YOFYxN3hQMktkODJqbm4xNl9UYktoU2htN0JIUjlPbUp2Y0FUaUMtMlI4NWxNV1pCUXU4NkVkQnR3cHJ5eTRsM2xVUjFSek1MTzZQRVNxU1hYOTFwLS1CUk1LR0tld0ZFRGpMVEJWakU5ZjdVX3djdTJZdzJuVFdHcUZ2Yzh3Y0JfRlpreQ?oc=5&hl=en-US&gl=US&ceid=US:en,新浪财经,,战略新兴产业,2026-02-10
TCL中环（002129）2月9日主力资金净买入7.92亿元_主力研究 - 证券之星,https://news.google.com/rss/articles/CBMiYkFVX3lxTE9QVHVrazIxS0diNko1X3hTTm1vNW9XOXVtQXF1Y09QVGFveHhXQkk3N2VzdWVWQ2RoYmVHdzUzYVFpRUhJbW5ZWmFIVUU1VjBBNERHaFB6VzhHbzZvNkFLSkJB?oc=5&hl=en-US&gl=US&ceid=US:en,证券之星,,战略新兴产业,2026-02-10
低空经济“爆发”，氢能无人机成“强势”入局者！ - 世纪新能源网,https://news.google.com/rss/articles/CBMiVEFVX3lxTFBQNEtxTUpUTmkwaklVa3B2TVZDTW9fWHNpam10ajRWUWZkZEZ2am84S2NFa2tXd2dITThhWlZSLURPNVNPZmEwNnNWS1p1RE1EMVZyaw?oc=5&hl=en-US&gl=US&ceid=US:en,世纪新能源网,,战略新兴产业,2026-02-10
代表通道丨孙迎彤：AI浪潮下，深圳将创造新的历史里程碑 - SOHU,https://news.google.com/rss/articles/CBMiiwFBVV95cUxOckVaSkdvX2JjN3V1TmE2S0NqVS1uTk9wTTBJbUVqeTU2cG5qRmFlYll1V1pqMmxtMzlOLVFmVnRNcy1CSGJGWXBIRUN2LVB6SElVSWhOTjd4YmxKcng3eUJtOGh6Z1VVN0lfekVnOXZ0eWlqeDBDT0ZyX3hVU3ppc3ZXU1RrOUgyS2lV?oc=5&hl=en-US&gl=US&ceid=US:en,SOHU,,战略新兴产业,2026-02-10
代表通道｜如何实现从技术引领到产业创新？马健提出“三个聚焦” - SOHU,https://news.google.com/rss/articles/CBMiVEFVX3lxTE9wV1lVMGU2Y0JkSDZoXzZWc2tVOEh2TGZHMEt3aW0xNW43a1pRMzFjLW5rVGZCM1lKQ2Fvc0VGZzJyY3B5cUlGclFDSk40Z0VPMkdkMA?oc=5&hl=en-US&gl=US&ceid=US:en,SOHU,,战略新兴产业,2026-02-10
全链条赋能 全球化突破 深圳加速打造全球医药和医疗器械产业创新集聚发展高地 - SOHU,https://news.google.com/rss/articles/CBMiiwFBVV95cUxOMjNYblNSdWxMcmNVTFFqeFl5djkxLVoxUkFmX1FlMGVGUEdMSnh0OV9LRGpVRjZfelI4UmxJYVZJTnRBdndxb04zYlVOaTd2VU1fZUhfaFNMbUduOGlqcWdWS01SXzZ1eXpORHZpV3FES1NtUlhYRzBVaUowUHFpeExzbS1ZU19KaGJB?oc=5&hl=en-US&gl=US&ceid=US:en,SOHU,,战略新兴产业,2026-02-10
市政协委员、沃特股份董事长吴宪：鼓励上市公司在深投入，建立产业链上市公司集群 - SOHU,https://news.google.com/rss/articles/CBMiVEFVX3lxTFA2WGpNTHlSenNHOXJYTXhucC1ucHpQbnNrdzF1UzJGYXRUb201alo4azAxTnpvYkJrNjFZcXc3N1AwSkFTTFY2UUlhSHBxR0NyWXNPVg?oc=5&hl=en-US&gl=US&ceid=US:en,SOHU,,战略新兴产业,2026-02-10
融合共生，聚力共赢 | 利亚德2025年度表彰大会暨2026年会成功举办 - news.tom.com,https://news.google.com/rss/articles/CBMiVkFVX3lxTE9iRklDTEJHNlpFUUxSZ3dtdDJBWDg3aUpYcE16RDZXYktiZVV3U2hKb0VNTWFXLW15R2xaMEVGbmh0eFJKdUZxZndiUG1VU2hvMjFGWk13?oc=5&hl=en-US&gl=US&ceid=US:en,news.tom.com,,战略新兴产业,2026-02-10
3个月造出千吨甲醇动力船 武昌造船布局新能源船舶前沿技术 - wuhan.gov.cn,https://news.google.com/rss/articles/CBMicEFVX3lxTFBuUEItRkFxR1JoUWNBdUw3S1luOVU1VnZCNXdUNFJ2bWRxTlVTYnZqMWcwSlNuVk5nR05nRnNqd2lKVVFMZUQxZlhId2xzQ1VQUXQ5ZDltSGxZMnc3T1RRZnVwLU4taXUwa0ZaTHBMS0Q?oc=5&hl=en-US&gl=US&ceid=US:en,wuhan.gov.cn,,新能源,2026-02-10
能源科技校友会年会暨新能源产业发展论坛举办_交大要闻 - 上海交通大学 新闻网,https://news.google.com/rss/articles/CBMiX0FVX3lxTFBLNWJ6Ti1FMXE3NTFtYk5TQkhmVE85cGRVRVZYaUVaaDdsdmlRNUtCX01oczJ5b1c5Y3pqcDdRaU1iX3d0TjFvckpGanZEM05qeHdVa0lWZFVDSFBNUkNz?oc=5&hl=en-US&gl=US&ceid=US:en,上海交通大学 新闻网,,新能源,2026-02-10
嘉元科技廖平元：“新能源+AI”双轮驱动 加速培育新赛道增长点 - 上海证券报电子版,https://news.google.com/rss/articles/CBMibkFVX3lxTE8xUU9XUW9mak9ZWm1BMEZ3bktwX3gycU5fbldVb0RBUUhQNlRINDhBTzdXR0htZVlEMHFkYnhXMTJQWlJWbXpqZ1ZVdGtvekM4dVA0c1ZjTWVnS3Z3NmU4QW93QlVrZ3ZMb1NOcWtB?oc=5&hl=en-US&gl=US&ceid=US:en,上海证券报电子版,,新能源,2026-02-10
新能源动力电池国际标准与前沿技术专题培训在沪举行 - 同济大学新闻网,https://news.google.com/rss/articles/CBMiWkFVX3lxTFBPZ2h2d0VoYV9TUm0tVDhHb3J2S3F2RGhORUU0STZaSTVQOFAwRXE0dVViYnNKNVRtclJ1YmwycFZtQkdYY1NFX2Rza3JZRnRCVDM1U1gwdWhtQQ?oc=5&hl=en-US&gl=US&ceid=US:en,同济大学新闻网,,新能源,2026-02-10
回顾商用车2025：新能源渗透率快速攀升 - 中国商用汽车网,https://news.google.com/rss/articles/CBMiYEFVX3lxTE1rTjRMUHNiSzNuRDhjZUZuYWhiLWdzc2FFUkZvcDg5Y0RWclVEU0h4bjRUSkJ0NnNyU2ZIX3hNR29yS01JMzBUX2pzYWwxdkNzcVpzNVZfcGRyS1BUdlV2bA?oc=5&hl=en-US&gl=US&ceid=US:en,中国商用汽车网,,新能源,2026-02-10
达瑞电子：在新能源领域，公司目前主要研发、生产和销售精密结构与功能性组件 - 东方财富,https://news.google.com/rss/articles/CBMiYEFVX3lxTE9CMU02R3I5ak94c2JWeWxsVGlheDlyWnpCOFN2QVN3TnpuaVRHeXJjVGQtYjY2cGtRSnBMdEd4Z3FuVk1SSFRVblJGQkdjVVg2VlQxckVfMkRMV0RyOW9Fdg?oc=5&hl=en-US&gl=US&ceid=US:en,东方财富,,新能源,2026-02-10
合资车企新能源品牌“年考”：铂智保持增长 日产N系、至境待观察 - SOHU,https://news.google.com/rss/articles/CBMiUEFVX3lxTE9ybGxibnUzSmZUSlNwdTB0LUVMWGNQdllmZmN0S3BtanBBbFIxZzB3dndFSlRTX3IxODAydHlKbFN4TTFVLXFnclVsTl83MkVs?oc=5&hl=en-US&gl=US&ceid=US:en,SOHU,,新能源,2026-02-10
新能源汽车使用指南：低温下如何保障安全与性能_上观新闻 - shobserver.com,https://news.google.com/rss/articles/CBMiXEFVX3lxTE9xR1RnQjZBUFRQTEItNjZISWN6T0V5d2RXaUZhUVk0dVVXUjJkaFNtX21KbkhUbWRuaFVidTM1TWlaOHdLMEh6eXZYSVJwYmZjNnZYZlFCMWpHTTIy?oc=5&hl=en-US&gl=US&ceid=US:en,shobserver.com,,新能源,2026-02-10
从电池到电控2026武汉新能源汽车三电展会透视全产业链新格局 - 新浪财经,https://news.google.com/rss/articles/CBMihAFBVV95cUxNb05OalZsM2paVkRtZnFmVUxQZkZwVGE0bG1ocGJZUkhhWmdwaUZxaVR3aWN3OXZtSFZSOUZSUW92NUJUZVFlNGtPMm52R2tGVzd1ZEVISENSNUo1U2tiZ0pCUUpyUTNPa2ozbWd0SGhidTlycmJKZWx3M2dKbUxMVUFaZEQ?oc=5&hl=en-US&gl=US&ceid=US:en,新浪财经,,新能源,2026-02-10
关于批准厦门夏钨新能源材料股份有限公司等单位为中国汽车工业协会会员单位的通知 - caam.org.cn,https://news.google.com/rss/articles/CBMiY0FVX3lxTE5wZnRMQk81YjFOZ05oTkluQkJyX1NidERIWDZOLXBJeFp0eEJkemNHQTFjcHNfbXFwdjVoWWY1TEFhY0RxY3RwYkd6OXBwYVZYMExDUHU1dUp5b2lyTjd1R1Z6NA?oc=5&hl=en-US&gl=US&ceid=US:en,caam.org.cn,,新能源,2026-02-10
四川2026年政府工作报告：推动“三江”流域水风光一体化清洁能源基地纳入国家规划 - gdshe.org,https://news.google.com/rss/articles/CBMiUkFVX3lxTE9OQmc3UXhyb3k4amtDbWZldTRMTzdVM1c5eG9wM1QyS3dHcjF5QjhpMFNsbS1oaGgzZm9XMXdfX25OTllBazNidTdGdUY5MTVFcFE?oc=5&hl=en-US&gl=US&ceid=US:en,gdshe.org,,新能源,2026-02-10
瑞风新能源拟斥资240亿元投建智算项目 - 中国基金报,https://news.google.com/rss/articles/CBMiekFVX3lxTE11Qjh3eEhyNkdyMkZNMWNFaTNEa1JTT1ZQQm9RVmtDMlV1bUFSWi10WjJGbklPYm9xUUxFMWUwM1NqV01ROXhwYmM2RUtXUm5kam9YOW1GRllIQ0oySl9zNEtaTl9IS2pTdkd6NDE4cUcyQlhXZk1Ic0dn?oc=5&hl=en-US&gl=US&ceid=US:en,中国基金报,,新能源,2026-02-10
荣威新能源汽车纯电怎么样 - 汽车之家,https://news.google.com/rss/articles/CBMiW0FVX3lxTE9EWFZwNnV2MGwteDVrdHdmRHdxelg0WmFQQm9DT1Z2dC15UFVwVVVzemtwek1lUkUzOVB2LThpYjZHYVB0ZGRiTGpiZDNWazE4cFFXNzBEZFY1Nzg?oc=5&hl=en-US&gl=US&ceid=US:en,汽车之家,,新能源,2026-02-10
工信部发布《减免车辆购置税的新能源汽车车型目录》，小米SU7、比亚迪方程豹钛3等在列 - 同花顺,https://news.google.com/rss/articles/CBMiXkFVX3lxTE9iOWZydTdvazJjblFYaEVjZ1ZwVUY3LUpVc2h5a0U3ZW1VRGluc1Z3UTNTOHhTYkFNSzd5LXlBOXA2R0xBU3NzX3BKSmp4NVRuTUFYX2dmRm8yRzV6N0E?oc=5&hl=en-US&gl=US&ceid=US:en,同花顺,,新能源,2026-02-10
充电“加速度” 服务“不断档”——甘肃公交建集团公路服务区解锁春运便民新体验 - 每日甘肃网,https://news.google.com/rss/articles/CBMic0FVX3lxTFBBcUk2Q1drTmVha2E3R0NFdW9YREhiX2NOaXBKZkFuYU9kNXc0Z0N5S0VfTnZpNnNMLUZZY0h1cnJaakFtVE9HaGtiX09aallJcDhXMy1DTVNPcmp4UnM5aFh2THJ4ZXRCYUxORS11c0JxWTQ?oc=5&hl=en-US&gl=US&ceid=US:en,每日甘肃网,,新能源,2026-02-10
中国发布丨“十四五”期间，我国新能源整车等重要绿色产品制造行业销售收入年均增速均在30%以上 - 中国网新闻中心,https://news.google.com/rss/articles/CBMiakFVX3lxTE44em5UMjRVSk5kbkN0dGI5RXM1TU9JM0xwRnlQTVVGdERKbmVqYVB5cV9EZ25HTVM1alpiem9pZ2daVm1Zc2NZNG5YWXNmZENLUnFpQ2gzcHd1ZWRqUmpvSDNjanVhcWtILUE?oc=5&hl=en-US&gl=US&ceid=US:en,中国网新闻中心,,新能源,2026-02-10
上海南港码头新年“开门红”：新能源汽车出口激增115%，跑出国际加速度 - shobserver.com,https://news.google.com/rss/articles/CBMiXkFVX3lxTE5BR0h2WW5YM2x4MDNKMGxBLTlZanVZTGNra1FDaEdOTmcySGdBWjAwMlFSWENNeF9OWWZrRTRGVWh0UUV5TjF6SHdMZm81UXNwWjR3Z3JzamNaYnFvT0E?oc=5&hl=en-US&gl=US&ceid=US:en,shobserver.com,,新能源,2026-02-10
开了4年新能源汽车，总结出买车“四不选”，都是真金白银换来的 - 新浪财经,https://news.google.com/rss/articles/CBMihAFBVV95cUxNV0FmRC1GNmFKek5tbWZvY1B1clFDX3JXdHkxNE02X05DSy14YTBTaF9FY0dicWFuM3FrZDdYVWVUU2o5XzY0clNCVnBtSF9OS2hVS3R2SjZJR2J2VmhqVVAtVDE5RS1xOERHaGZJWHRPWENkNU9QbmJkM2J4eUxvUXdmVGU?oc=5&hl=en-US&gl=US&ceid=US:en,新浪财经,,新能源,2026-02-10
净赚约7754万，协合新能源5.18亿出售云皖风电项目 - 东方财富,https://news.google.com/rss/articles/CBMiYEFVX3lxTE5odFNEeFJ6dTU5VVVNVVFDYlN1bVdSekJDdnRwbjROcFIzcHAwUmcxZ1NUR2hZMnRrSjdoSDI2Z3ppYldVWGFkWlAzcVQyUjEyUW1EdGdNS093bDE0enV4cw?oc=5&hl=en-US&gl=US&ceid=US:en,东方财富,,新能源,2026-02-10
新能源车充电焦虑蔓延，返乡路上如何避免成为电动爹？ - 新浪新闻_手机新浪网,https://news.google.com/rss/articles/CBMiigFBVV95cUxOVm5TenQyM0FrZ3NaMHMxUzBHLUJ2aERVZlJSa1F4dkdfc2hPT2tzcXJITmhXTDVDd082NmRoczRGVnRGTkRPb0lQZXhtYjJad0o5ZWoydDk0bHdfTVVLVjNXS1ZOdWV0cE9FQm9yTW5SX3NEMTV0SFdfd3dkZXdlRUc3U1RlaklvM2c?oc=5&hl=en-US&gl=US&ceid=US:en,新浪新闻_手机新浪网,,新能源,2026-02-10
万亿温州·我的奋斗故事 | 在东海之畔，我助力温州“绿”动未来 - 温州新闻网,https://news.google.com/rss/articles/CBMiZkFVX3lxTE9ZZ0x0c3NJdkdhV1J4RmNuTUZYbjRtalgwTWp6ME9kWHNrVG1wcWVjbllhb0s0UW5OUml3Q09OQjZiandwSjRob2R3Sm1uUW1BWEFBaUl5SjdJUi1qQmlOSlhPOTc5UQ?oc=5&hl=en-US&gl=US&ceid=US:en,温州新闻网,,新能源,2026-02-10
奇瑞全资成立两家汽车销售公司 强化新能源渠道布局 - 凤凰网汽车,https://news.google.com/rss/articles/CBMiTEFVX3lxTFA1N1hrYm4ySnBzS0hoS1dxRWdKdVZhSnphVkRFcnlQNHF2RkJ3WVJlanhkdXh2WTBpZXp0blIwQXF1VnktV0JuZXlpdHk?oc=5&hl=en-US&gl=US&ceid=US:en,凤凰网汽车,,新能源,2026-02-10
大唐新能源完成发行20亿元可续期公司债券，发行利率1.96% - 东方财富,https://news.google.com/rss/articles/CBMiYEFVX3lxTE5HdzFLVmc2eE93eDZwQ3dEeUl2ZjVEaGV1V2s3aXlBWEJ3aXJDaU1EU010Vi0wQmJZZVR6NGpTNmx4WjM2ai1zRkxEb1kyYnhtQ2VYdGhMa3prLVBrZUNINw?oc=5&hl=en-US&gl=US&ceid=US:en,东方财富,,新能源,2026-02-10
今年买油车，你会碰到哪些“不爽”？网友：哪是不爽，就是吃亏 - 汽车之家,https://news.google.com/rss/articles/CBMiW0FVX3lxTE5pNjl2VHc3Y0tFRUwtWmdjaUVYVTJFRWluWndaa0hWbTBNaVlwYXNGemJVN0MzeWdFaEpiaHVISHB2bDdKaUJEeWZWM25ock9Db3ZYMnh1aVV4Ulk?oc=5&hl=en-US&gl=US&ceid=US:en,汽车之家,,新能源,2026-02-10
探讨长安旗下新能源汽车品牌的发展与定位 - 新浪财经,https://news.google.com/rss/articles/CBMihAFBVV95cUxNUHpQRGdvSGlrdld0UmlHN2sxeVI0dGIxOVpxbVRncGZEQTZGVHNfeDVqeTR3ZnVxNlJDR1c4MkVMaU9mRzVqTjZ5cmRfcXB6S3U2b2htN0dsWUtuSkNveVdYb0R6dGdtSWl2WUkwRkk5N1UxVnVXamJpWlF1Z3dsemtHeGM?oc=5&hl=en-US&gl=US&ceid=US:en,新浪财经,,新能源,2026-02-10
北汽新能源发布车主碳护照，开启低碳出行新征程 - 中国经济网,https://news.google.com/rss/articles/CBMibkFVX3lxTE9kcTVVbWpLRDR6ZWVRYmVSRHNOSjExWXdiVVZXZ3NjLWZYX0VlTW1RMGg0cE5pb1hWdWdqQW5lVy1UMUtVa3EwMGNrYUZzVVNKcmUyaWJCMHgxemd1WG1rZHlBalZ1MUZ2clhkZFdB?oc=5&hl=en-US&gl=US&ceid=US:en,中国经济网,,新能源,2026-02-10
"当“新能源叙事”进入深水区,一汽-大众为何仍是最稳的价值锚? - 新浪财经",https://news.google.com/rss/articles/CBMihAFBVV95cUxOQVkwZUxsZEdpNzZVeW5FN3hwSWZORUh4d1R4WTAzZmpTUHMwSUlZQmFZVDJST0lDZmFQSS0wTmd3MUV5YlhLaTRIQTJHZnVvTF9JeG10aVVDclA3djNVRkpjNlFVODlpcTZwYkZBZks4dUstemZVODNRUTdJUXl2ajJqU2U?oc=5&hl=en-US&gl=US&ceid=US:en,新浪财经,,新能源,2026-02-10
"去年超4400家4S店退网!合资品牌全线收缩,新能源品牌网络保持增长 - 新浪财经",https://news.google.com/rss/articles/CBMihAFBVV95cUxOajNFTzhrcVB2STB4ZGQ1cm9KX3RYRnlyNVFIOGZnblN4bWxSRW9SSUpINWd1QkVZMm1oSTF2TU5jb1lJdkFiY1pOOTJmZHFybFpFTVZUUk5XUGhtdUwzX2syZmtPSTNRZ1lLTl9MQzFpeEtweUVMR2VHaWZidVZzR1pXVFk?oc=5&hl=en-US&gl=US&ceid=US:en,新浪财经,,新能源,2026-02-10
2月9日科创板新能源ETF（588960）份额增加1000.00万份，最新份额2.31亿份，最新规模3.60亿元 - 新浪财经,https://news.google.com/rss/articles/CBMimwFBVV95cUxQYjdDcmRaRmg1RnY4WExLNUlzUWNQcDYwVXQ2THlVZF9tOVFVZVhjaXhxMUdJZTU0dGpTZUg2Xy1Ga3pRcWpSdUh3ekptbWJFaVA1LUNUMl9KNW9HSXpwZXJPa2V1T2pZS1FCZkdUTzJibGM0NGNwdkhmcmJCa1pOU1ZrUkhfckJqNXhIVFNHMTUwWTV2dUh4dGVSQQ?oc=5&hl=en-US&gl=US&ceid=US:en,新浪财经,,新能源,2026-02-10
开年就跪了？比亚迪今年的组合拳，至少有两套，燃油车后路堵死 - 汽车之家,https://news.google.com/rss/articles/CBMiW0FVX3lxTE9HT0NZdUdzS1U3b3M1d25KcUs2YU43ejVLcEx5WlZ6S1NJRi1QUUJ0SEptQXB4eU0zXzJNVksyaUpNbjdpczF0M09YMDZ1eEcwc3hhRkRlemg3UlE?oc=5&hl=en-US&gl=US&ceid=US:en,汽车之家,,新能源,2026-02-10
经济学家解读新能源投资逻辑_新浪新闻 - 手机新浪网,https://news.google.com/rss/articles/CBMiY0FVX3lxTE85TFBXeTRELUtPb2ZnUmJ3NnJ2ak5fSEZodEpqV1hxMWVrT0FEUHhsOEtFQ1RwalZJMEdFTGpaN0lTUWxMM01XWmlpNkZxdVFNc3ZzTFhNTUQxc2dXVEM1a2N5UQ?oc=5&hl=en-US&gl=US&ceid=US:en,手机新浪网,,新能源,2026-02-10
光伏0.3168元/度，风电0.277元/度！山西2026年机制电价竞价结果公示 - 国际新能源网,https://news.google.com/rss/articles/CBMiaEFVX3lxTFAxNXJKQ1VzX045ZGlNVzBOX2VPdGZZMkI2UFRKWGp3RmdCdUlmNTZBRnppdzBBbUZHM2hLWjcyeTB6RE13VzdPZ2piTnlTdDhqMXhvLXYzUXc4ZGFMVVlHWHlNUnptcXV2?oc=5&hl=en-US&gl=US&ceid=US:en,国际新能源网,,新能源,2026-02-10
七车齐发 2026新能源争夺逐渐细分 - 汽车之家,https://news.google.com/rss/articles/CBMiW0FVX3lxTE9jVjlES2tRMTJCSGVRbFd6ZV9tMEljQTBGal9zLU8yMTdaLTBCd3AwM3NIRU9tbDZ5YWE2WFhSR3NWbVJMWXRqbzk3bTJwdnFhczZObHdoQnlTLWM?oc=5&hl=en-US&gl=US&ceid=US:en,汽车之家,,新能源,2026-02-10
两度播报|比亚迪1月销售新能源汽车21万+，蝉联新能源销量冠军 - 汽车之家,https://news.google.com/rss/articles/CBMiW0FVX3lxTE92YkxMZERGb3Q2Vi00bUlMb2FBSFdqTTFocEREOFdqZWtjMU44MmFqanhmREpJcnFVVk5YZkMxUUh4QmRvbDhnMnhKNnN0eDM3VUNhSWZBS05VN2M?oc=5&hl=en-US&gl=US&ceid=US:en,汽车之家,,新能源,2026-02-10
【视频】买新能源车的7个坑中坑！ - 汽车之家,https://news.google.com/rss/articles/CBMiW0FVX3lxTFA2VlpKTTllUVJnR216Z0ZKQjRpbVUybTN2Mk1NdXZ1a2JHSEJpaHlia2NESjhlUjlyaHJNSDVMcmN1X2xiWVVXVkkwS1JtdU41WTRxUWVMWnI3aTQ?oc=5&hl=en-US&gl=US&ceid=US:en,汽车之家,,新能源,2026-02-10
布局新消费 促进有效投资——中部六省加快构建增长新引擎 - 新浪财经,https://news.google.com/rss/articles/CBMimAFBVV95cUxQMkd0bXUzdEVzTnprYURBVG1JaEFJMk9wY183M1FZQkhpUlhrLTZCYWRpdW1qeFA1bFo2LU1tTk4xREczN215ZEpuY0NhWGlHb1pvOFBYTTdTX2pLNkFqcmlPalgtUEFUalYzRzNQUDlIVnlQYlp0N1RXc1hUZ0VSeHNNbWl6NnMxUUN1dTJrTkFmaGFjLXR2cg?oc=5&hl=en-US&gl=US&ceid=US:en,新浪财经,,新能源,2026-02-10
上汽大众2026年7款新能源车猛攻，合资车企打响转型反击战 - 汽车之家,https://news.google.com/rss/articles/CBMiW0FVX3lxTE1JVkMwbW1EQndNV0JOV2VmbWxjNHpXNVlnQ1ctWm9LRnAzZ2tPM1dQSlBuZUwtZ0JZWXFoNDRHdGhydGlWLW9hZnUtcU55dEZEaGpDUHd0SkVDa2s?oc=5&hl=en-US&gl=US&ceid=US:en,汽车之家,,新能源,2026-02-10
经济学家称新能源投资在品牌_新浪新闻 - 手机新浪网,https://news.google.com/rss/articles/CBMiY0FVX3lxTE83ekdQUEhmbXlTWm9uVTJ2OG13dGpmWVZxc2dxTUh5WTFocU1vSGxBUlBzUVBaNzJHZ29KcmJZRlVBQmp1M0pGbFZ2Um16by0xOThWZk1IVWhpRmEtbUt6TUZYaw?oc=5&hl=en-US&gl=US&ceid=US:en,手机新浪网,,新能源,2026-02-10
九鼎新材：全资子公司已收购甘肃九鼎新能源发展有限公司100%股权 - 新京报,https://news.google.com/rss/articles/CBMiYkFVX3lxTE4yd0lYMmNLdXV4aUhoWHpTeFlDRWFMTi1sckNOQXcyUnB6bFhXc01ScGNHX0ZGWmZ0WWo5Q1M4X0RYZUtuZkpTcnE2a0ZQaDBsdkpxNlBnbUVhanNfV3p3MDNB?oc=5&hl=en-US&gl=US&ceid=US:en,新京报,,新能源,2026-02-10
问界M9改变新能源印象_新浪新闻 - 手机新浪网,https://news.google.com/rss/articles/CBMiY0FVX3lxTFBsSzZfWFV0aHEyZ2puOEthbWRjRWhaMnBzdFp0NVI4bl9Mc2FKeTdSdk9iekp4NlMtV2ltNTdIbFZtNHE1ZHB2UjI3bUp2VHl4VXRBZ0tiVXpzY0FmMTFiWVE2OA?oc=5&hl=en-US&gl=US&ceid=US:en,手机新浪网,,新能源,2026-02-10
2月9日创业板新能源ETF国泰（159387）份额增加100.00万份，最新份额8.42亿份，最新规模14.44亿元 - 新浪财经,https://news.google.com/rss/articles/CBMimwFBVV95cUxNZ1g0cWlWX1QzRnhDNG44MWxNYndONmZxV29aOXM4dTdLOUQtQkxVVURRSTVOcy1aMHJZbFNvSkpXaHRqNFVVQzc0cTQyaXdqejdYa3B6YThiQ0dnLVVQRmE3NEx2bnU0YlNoX1c3Q3hFaVBrU1NmZHNpMUplMEZmZ2pwV19jODktZkc1UFpaVzI0Umpxa0haa0pBVQ?oc=5&hl=en-US&gl=US&ceid=US:en,新浪财经,,新能源,2026-02-10
瑞风新能源：与张家口宣化经开区签240亿元投资协议 拟建华北最大智算中心 - 东方财富,https://news.google.com/rss/articles/CBMiZkFVX3lxTFB5dFBRV1hNZTVlQ2hnMHlSdkhFQkdiTG0yTEpVbnpPSVJYUXFLUnJ1VkwwZUVhOTFYSksxV2xnWkQ4WmhpVXJIWF9rWVF5b0tOaHhRNVJoNE1abF9tN0VzNHUwS3U5QQ?oc=5&hl=en-US&gl=US&ceid=US:en,东方财富,,新能源,2026-02-10
2月9日创业板新能源ETF鹏华（159261）份额增加200.00万份，最新份额3981.49万份，最新规模6482.26万元 - 新浪财经,https://news.google.com/rss/articles/CBMimwFBVV95cUxPYTBTSEZuV1BraG41M2R4U0JVdGw5TzBzOWMwS3BtQkhhcnFwU0N0S3N3WTljQ0daNHlsazZYZFhkZDhxMUdMQ3hITm90LXZaQTJFSjdlU001U3Nzd2NHeG9HOWhxNWtiZGthVE9mZ0JVd2UtV0tHajhjSWF1R0EwYW5zaDlVQmM1VC1walNIbUVPRTN2MmRocjhrRQ?oc=5&hl=en-US&gl=US&ceid=US:en,新浪财经,,新能源,2026-02-10
经济学家强调新能源品牌投资_新浪新闻 - 手机新浪网,https://news.google.com/rss/articles/CBMiY0FVX3lxTE8zTE1yNzhDQmZtYi1FOWVhWW15Wkh5aUlmbWN6SEYwVEdkaUhEcEF0cjBTUkktMXJrb2VUREJRMl9FVzQtUWV2enNxSGhTSi01VG54UVE1ZXhxV0NfQ2dZa200bw?oc=5&hl=en-US&gl=US&ceid=US:en,手机新浪网,,新能源,2026-02-10
经济学家谈新能源品牌投资_新浪新闻 - 手机新浪网,https://news.google.com/rss/articles/CBMiY0FVX3lxTE1WeEozellZejJhaVBKQ21FZWc2NEdWMzEtWlUta09LTE9ad3lqd2Z5VmpvUWJPQ3FOYVEtRm9zS0xaMHFyeXliWkVrd3ZBX3Z6NHhDRHhkV3E4NzFWT2x5eTloMA?oc=5&hl=en-US&gl=US&ceid=US:en,手机新浪网,,新能源,2026-02-10
武汉楚能二期80GWh新能源电池生产项目在汉签约 - 东方财富,https://news.google.com/rss/articles/CBMiZEFVX3lxTE5UcE1fTmhhYWJyU0JNM2ZISDc5RVhudDBNMHhYV0d0bElnVjlYTUdIQVBxVDlMdnducWJMbHI3d18tbnlUWFZLLTZpZUd3d0ROV0tvYzBSM01JbS1mVWQwMk54UDI?oc=5&hl=en-US&gl=US&ceid=US:en,东方财富,,新能源,2026-02-10
经济日报一版关注：吉林新能源发展加速 - 新浪财经,https://news.google.com/rss/articles/CBMimAFBVV95cUxQdUt2aGxCT1JjZk9QNzUyLWU1bDFiTXhFUHJjN2RUbm12NVRNY3oyRXBBcUVwbVpSSjNkaFZaal9iVHFxUEVXUHM5bTQ0V01Gbmk1Q0tlX0lqVm1tTTNnMlZHSlk2aEdvdlFjaVJreWNkQ1lmWjU1aE40VW5DLW1BaFVCNXl1dDV1Rkw5MklRRHFDTk5JdkN3Rg?oc=5&hl=en-US&gl=US&ceid=US:en,新浪财经,,新能源,2026-02-10
中企在西非展现“中国制造”新姿态|塞内加尔|达喀尔|新能源|中国企业|经理_手机新浪网 - 新浪财经,https://news.google.com/rss/articles/CBMif0FVX3lxTE5TbGNRWjEyeEIzUnJjdEJNd3JpbTVMcEVQREp2SG5GdXFQYUMxbC1oZUJrNG9GZ2FBMk1FVTBaRTBFRWFWQTRwWXdSWWN0c3BRY3VfVWRHc1ROaEJGbWFmZlhlVVBFZXh3RDYzT3QxMURabWRBQ3dORTN5VFphVUE?oc=5&hl=en-US&gl=US&ceid=US:en,新浪财经,,新能源,2026-02-10
乘联分会：2026年轻型商用车新能源渗透率将继续提升 - 东方财富,https://news.google.com/rss/articles/CBMiYEFVX3lxTFBpdGM4dTRpY1Z6WUp2X3I1VmRhbXVMcHpuQWVkWC1zX1pITC1YemphcS1LeUxzTnhkeEI4S1BDTVk0NWVjZWlXSk1uZlY3Nlp6Tkd0ZkU4b1J3OTVPenpFVA?oc=5&hl=en-US&gl=US&ceid=US:en,东方财富,,新能源,2026-02-10
瑞风新能源：拟240亿元投建宣化人工智能算力中心项目 - 东方财富,https://news.google.com/rss/articles/CBMiZEFVX3lxTFBDekprb2dJLVktelJJZVZtWVVtdDBXbnBPQmxJdVNMb3pqV2JtV2t1XzYzczZmMWJrTUpELVBua1BPd0RqYy10UmJTbUxRUFN3c1dnNkItQlNaeW0xV2ZHVHZCb0c?oc=5&hl=en-US&gl=US&ceid=US:en,东方财富,,新能源,2026-02-10
腾势汽车携手博鳌亚洲论坛 以中国豪华新能源之力赋能国际发展 - 爱咖号,https://news.google.com/rss/articles/CBMiWEFVX3lxTE5MWWFtM3NuNEE5UGVoOFZzb3RkemRGT2hPWmw1WGFrY0tTSFZsc3Q3R25kSC1KQXl6UHQtWGd3WGdNd1pHY2tNbEFMRkh3dnlJb1kzTEhGV0U?oc=5&hl=en-US&gl=US&ceid=US:en,爱咖号,,新能源,2026-02-10
新能源板块集体走强，关注光伏ETF易方达（562970）、储能电池ETF易方达（159566）等投资机会 - 财联社,https://news.google.com/rss/articles/CBMiSEFVX3lxTFBaMTN1N2lybVJNbExUcUF5OEl2dGY2MTQyQXVsM09HejJXVFk4MkdQOWo5TDVHYzJYZVRGWFk4R19zNFJ1Q2NoeA?oc=5&hl=en-US&gl=US&ceid=US:en,财联社,,新能源,2026-02-10
龙源电力新能源生产建设实现新年“开门红” - 新浪财经,https://news.google.com/rss/articles/CBMieEFVX3lxTE5yNnplWFFOS0xTMm5oX2FBdTdkY0FGMW9scTVLR093NUxfbzVINnIxeGRaU3hoZkEydlBOMGhtWFZqTTY0TnFoQ3BOOWNPSUpUSGRkLWFiSlVKUTNRSGpvZEhFSG5ZRHowYlJkVFJkS2pULTNoYndleg?oc=5&hl=en-US&gl=US&ceid=US:en,新浪财经,,新能源,2026-02-10
【央媒看山西】山西新能源和清洁能源装机占比首超煤电 - 新浪财经,https://news.google.com/rss/articles/CBMimAFBVV95cUxPa21TMUZDeURFc3BRTG4zeGJHVlI2bkVlN1ZHYUQzdEVEUU93NDY2Qm1OT1laY3FYVlp6MW1TMzRJQjAzV1Y2azRfQXBmaXdleEdxRThVQllqT0cyZ2JaT091SmJKd2NFYnEwaWJ2ZlFzZDFIQkhya244N2FmZF9IS1BlX2o1SnBmZVRCOU9Jb3Jtd3dBTDF2ZA?oc=5&hl=en-US&gl=US&ceid=US:en,新浪财经,,新能源,2026-02-10
武汉楚能二期80GWh新能源电池生产项目在汉签约 - 每日经济新闻,https://news.google.com/rss/articles/CBMiZkFVX3lxTE5Bd1JlXzJnaWlaVk9qaTRkamczRUswWkZGNnhaZG1vaUFWNmlhMFdZSGVsQTVPWmFsMU9wMEFfaUtDRXpDWVRlTF9wNkp1UmlFVnV4d2VfTmdvUzFmbzA0SXcwQzVOZw?oc=5&hl=en-US&gl=US&ceid=US:en,每日经济新闻,,新能源,2026-02-10
全国首创！保障新能源车辆安全渡运，“E-car平安渡”平台开创智慧监管新范式_上观新闻 - jfdaily.com,https://news.google.com/rss/articles/CBMiWEFVX3lxTE4xWExWQXVuaDdEdFdQNE1JUndiUjFjZUdybGFRTHZKX2x4U1lHSzFRVlRHNjFPTDJKd1plMENUYjNpdmZZM1hzTXcyaXNLZFl2dmxkTGJkMGc?oc=5&hl=en-US&gl=US&ceid=US:en,jfdaily.com,,新能源,2026-02-10
学习贯彻中国海油2026年工作会议精神系列反响⑤ - 同花顺,https://news.google.com/rss/articles/CBMiXkFVX3lxTFB6M3IyOXEyQ01BazhGVW9Sdk42Y2w5TzJRUVJ1aThCTWZBaW1rVFNoZXAzMHdLUGtzbnY1X0JvQVo3OXp1MVlNOXZtUXZoMmxXbjdOdXUzak1mQjRtZXc?oc=5&hl=en-US&gl=US&ceid=US:en,同花顺,,新能源,2026-02-10
瑞风新能源：拟投资约240亿元建设宣化人工智能算力中心项目 - 每日经济新闻,https://news.google.com/rss/articles/CBMiZkFVX3lxTFBmYi01MGQtY3VSNnprZGhkdUlLaERYakFEVFJtNV9RQ1ktdGpvenFxWEdZeGhLelF3blZXWk83a1RXNE04RmZkV243cEk2bXA0U0twdTB1MmxNeHBPU1hyN3VPcXljZw?oc=5&hl=en-US&gl=US&ceid=US:en,每日经济新闻,,新能源,2026-02-10
上海南港码头新年“开门红”：新能源汽车出口激增115%，跑出国际加速度 - 新浪财经,https://news.google.com/rss/articles/CBMihwFBVV95cUxPdmI1N01jc0hmOFhiREpUSHNZV3l1VEdPSG5TV3d0dlM0S3NuN1lBZHl6aDg0ZTAtM3lKd3lRYVdMeHZRNnBYUXhqWmxpcklLN1VoNkNuYzUxX2lKNEZOZlFneUhhZTR5aHhqSGU5TmtrdGM3QVpZUGlVcks0VGtqNThtc1M5MDA?oc=5&hl=en-US&gl=US&ceid=US:en,新浪财经,,新能源,2026-02-10
从外采到自研，新能源重卡三电技术迎来自主化时代 - SOHU,https://news.google.com/rss/articles/CBMiiwFBVV95cUxNQ2NpbDZRX05tVXFCam13U19PSEgtMG80QVRFN0lxeGJ2SUtKUGE5eUx6NXljX09YRU9mOTN6U0RJZExoUU1DdW1VdFJfR051eldXSGxkWDhMV3h6THI3eUlmWTc5TkdNZEVjaGRYVk8xdms2UDVmN0FtUDJBbXJHcVVabnhfN1dmRm5z?oc=5&hl=en-US&gl=US&ceid=US:en,SOHU,,新能源,2026-02-10
风云A9Lvs汉DM-i 国产C级新能源 谁能更安心更舒心？ - 汽车之家,https://news.google.com/rss/articles/CBMiW0FVX3lxTFBHanhoMDNZOF9rUk9URG5LRGFtajhDc1ZLR2k1OFBrUS1nRzg4dFRiT0ZmT2hiR01VNE1BVmpkd2M5WmFaUGdTcHFIYURnaEFhYWMtRWN2Ul9TVG8?oc=5&hl=en-US&gl=US&ceid=US:en,汽车之家,,新能源,2026-02-10
三款“方盒子”SUV将于2026年年内上市 - 汽车之家,https://news.google.com/rss/articles/CBMiW0FVX3lxTE5iVkNFVlp4STJBVmxtY0xiY1ZIOVE3c1dWV3hmTWEzMEFGV1oxb244aWM1ZHFNMXA1MEx5YnNvdUdpM3ZGdmVNaGF5eFdlelAwM1VrRGJCd3oxMGc?oc=5&hl=en-US&gl=US&ceid=US:en,汽车之家,,新能源,2026-02-10
春运首周琼州海峡发送旅客75万人次 新能源汽车运输量增长122.49% - 人民网海南频道,https://news.google.com/rss/articles/CBMiakFVX3lxTE55YllBRTM0VUI2SEVVeDkwTVQwSEI0aFRaWmQzTHZuZVVjNGZ4aVpIUGtDY01IY2M4VEhKVkRnV2kyZjROU28wMkNrZTZKTl96NzBDVklPWWlfRkY3VU9fU1U2TWhGN2VFRUE?oc=5&hl=en-US&gl=US&ceid=US:en,人民网海南频道,,新能源,2026-02-10
ETF周评：消费、新能源ETF逆势领涨 资金提前“持币过节” - 新浪财经,https://news.google.com/rss/articles/CBMieEFVX3lxTE9XeDQtWWRYVWtpM0RjSTR2SzRIZkM4dVFBR2thck5YSTJHV3A0RnBnN2ZmWU9XSm04ZHhJeWI2bi1oWW92aU1Gbl9jQk94TEpObUhCNTVtRi02WGJTQ3dUNDNSZVhQQTlYU3BQRFhET1VPMlFfazkzYw?oc=5&hl=en-US&gl=US&ceid=US:en,新浪财经,,新能源,2026-02-10
武汉楚能二期新能源电池生产项目签约落户江夏 - 新浪财经,https://news.google.com/rss/articles/CBMimAFBVV95cUxPaWlrSXFBeHM3ZGlSV0ZiRWNteHF3QWpvclBiLXNQcUF5WmJTTEVQeGFmbXJhaWp2Smx2OWt6TnA1QmR0LVhVVFloWkE1SVlPdEZXMk9NeS1VNWN4OGdXS2M2YlZGVFhpdGRfRzdobWROYVkya09tODBoVGlwdjI2RWFKM3VzSG5XY2lleGtGMllHelM2OE1sYw?oc=5&hl=en-US&gl=US&ceid=US:en,新浪财经,,新能源,2026-02-10
大东南：公司全资子公司浙江绿海新能源科技有限公司主要生产销售锂电池产品 - 东方财富,https://news.google.com/rss/articles/CBMiZkFVX3lxTE5BaUdZRy1EdzRRc21rYllMaXlERnVoLXUzNFNyUkZhZHZqajNiR3pSeFlBSUhtSUo5UDZCcjd5Y2dqOG1XNkNkUTdBaTFMUWdpZlBKN1RRR3FtMkJZYkJhYkZSbkd3Zw?oc=5&hl=en-US&gl=US&ceid=US:en,东方财富,,新能源,2026-02-10
一月上海南港码头国产新能源汽车出口同比增115.92% - 新浪财经,https://news.google.com/rss/articles/CBMimAFBVV95cUxObFM5SXFMazlUOFRDRkZFLU5yUHJhcU9rdldQTnRqc3l0QWJYLXdyeFd4NVpza2NxMEZ6a2VzcDFUTlhwN3p1TzhjY0ptUUdrRnBjY0ZlUkszQTI5QWdmaE90dDhoTXdKc19kNW1SWUpCMGhvMWI0VG1GQ0s0ZDd0X2RVS3Y5dXNLb1VBdnJBb0RuMEpxcDd1WQ?oc=5&hl=en-US&gl=US&ceid=US:en,新浪财经,,新能源,2026-02-10
康鹏科技：公司的新材料业务主要涵盖显示材料、新能源电池材料及电子化学品和有机硅材料 - 东方财富,https://news.google.com/rss/articles/CBMiZkFVX3lxTE10S2ZHSmJkREt4WVlYdDAzUUxjemM1UXlyMVFRQnlZSkNjU0tYNTlyRGllazR0OGpZaml6VEtENWRuT1hCR0toMDlleXdtbEJTalVVcUNYTDdtb2Vyb3BkcXVveGEwdw?oc=5&hl=en-US&gl=US&ceid=US:en,东方财富,,新能源,2026-02-10
北汽新能源：以碳护照打造“企业+用户”减碳共同体 - 新浪财经,https://news.google.com/rss/articles/CBMieEFVX3lxTE5kbXFxT3NWRzRrRWlHSTg0Sm1NbldUam9aLVBzQ3p0cXhMTVQyQ1NTVlpHQUJuNFRVd0s5OEZtWW4zVjcwdDU1a25oWjBSVFRMUXVYY3ZRQXZSVGkwVzBVd0Z3enFXZXB6Mm1yMm5JeXp2aDJuclhMSQ?oc=5&hl=en-US&gl=US&ceid=US:en,新浪财经,,新能源,2026-02-10
比亚迪2025年新能源车销量再创新高，海外破百万助推增长 - 汽车之家,https://news.google.com/rss/articles/CBMiW0FVX3lxTE5TNU9QVlhvYWpKYzdFN1AycnMyVFU0VUh4S2oyU1Zmc1p2cGp5dlVRZV9jbnYxZkZSeVB6TXRQazJDZXNNN3VwSFpPVGp0SzNFbVpGa3FZYWt5TGM?oc=5&hl=en-US&gl=US&ceid=US:en,汽车之家,,新能源,2026-02-10
苏能股份：公司坚定做大做强煤炭、电力、新能源等产业 - 东方财富,https://news.google.com/rss/articles/CBMiZkFVX3lxTFBPR3R1OTA0Um4xYWVSbEhCZ20zOGlleU1TLUxJc1V3dDRLM00zWVBDUzVTc3VEVTg2M0JSSFc0NjRLZ29ZcEVTZ1RuYjk2aTA3aW5vVVdkSzFGaW5RZ3JkWW44V2gxZw?oc=5&hl=en-US&gl=US&ceid=US:en,东方财富,,新能源,2026-02-10
阳光电源等成立新能源科技公司 - 东方财富,https://news.google.com/rss/articles/CBMiZkFVX3lxTE04b2ZKZE5PWUtvUzBXbm8ydFJhcUdXNXJGUkxFNEQ2Q3M5VE00Z1hkbENqeEdld3RIamVhTF9SbVF5SEZ1bEJDXzVoMHhxeVJlemh4elVCM3dXUUN1MjRRWWw1cFVSZw?oc=5&hl=en-US&gl=US&ceid=US:en,东方财富,,新能源,2026-02-10
合肥春晚分会场官宣！阳光新能源抢先“包场”？背后大有深意！ - 新浪新闻_手机新浪网,https://news.google.com/rss/articles/CBMidkFVX3lxTE5lRzc1Z3Q0bW1IYnBhY3pyQWd2dU5FYVVJZ1NQTlZCX2p2WHhFZjQ3SlpQU3RRbWxTV3lRcDk5OFlXU19MX0Q1TnJvaV8xMUEzN1k1RDFRMWoyMzdYaW1Bb2MyRGpaT1NEOWJyY1VJNUhxZXJiaWc?oc=5&hl=en-US&gl=US&ceid=US:en,新浪新闻_手机新浪网,,新能源,2026-02-10
2025年全国二手车交易量突破2000万台 新能源二手车渗透率升至12% - 风闻,https://news.google.com/rss/articles/CBMiW0FVX3lxTFBQcE1ZT0xlQTlpdUlsMFV3aEdjRzRMUkFNdURqOW1ZdTJIQjlNZWdhN0tvU3F1QTN3V1FkaUZjVkw4NzZzckhrUDZNM29RblpJVDBqbW5nTFIzaXM?oc=5&hl=en-US&gl=US&ceid=US:en,风闻,,新能源,2026-02-10
又一新能源巨头，被安徽国资拿下 - 电子工程专辑,https://news.google.com/rss/articles/CBMiU0FVX3lxTFBGRGNIajhJUnVoN0Y4d25oRFBUMmZwaEJFT3lLZWVJOFIxRmo1ZnMxQWRKS3dDWm5zVDVnWmJMYUxsSFZQeE5kMXBLaUlkalNwbm5Z?oc=5&hl=en-US&gl=US&ceid=US:en,电子工程专辑,,新能源,2026-02-10
工信部404批新车，新能源的厂商加增程器、传统厂商上电机 - 汽车之家,https://news.google.com/rss/articles/CBMiW0FVX3lxTFAtUnJScG5ZcGhDc0U3SFpSWm5sS1B5S1JCcEsyT0thSzlEX3hRcUhfRy1HNTlmM1VpUTFMcmNHR3RRbGNFdlg2X3drX3RuRThXdXdzVFlPTklJaVE?oc=5&hl=en-US&gl=US&ceid=US:en,汽车之家,,新能源,2026-02-10
揭秘一汽-大众大众品牌2026新玩法，深挖价值，破局新能源 - 汽车之家,https://news.google.com/rss/articles/CBMiW0FVX3lxTE5qWlF6N3ZPaVN6Ml9ZeGlMZFJCTjVOOEJVOGdKZUZnX0NUbFpOS29tUjB6ekJISEtybmxQOGpEU0hyMUNmcnRfSUdhSUlLcThpYUpndTZiSVllR28?oc=5&hl=en-US&gl=US&ceid=US:en,汽车之家,,新能源,2026-02-10
新开源：2025年PVP产品在新能源行业销售约4000吨 2026年预计仍有约20%增幅 - 东方财富,https://news.google.com/rss/articles/CBMiZkFVX3lxTE94dlBteU9jbFFxa2swUlJZM28wdjJPa29sOEJNRVcyd2VjZ20tXy1fZUNKRlZuYXA2b3hZRXRxUE5PV2VjdlJnN2xDNDE2U0xZSFpXcFdxbXNxdmxBMnhheGtLRlR2Zw?oc=5&hl=en-US&gl=US&ceid=US:en,东方财富,,新能源,2026-02-10
包揽中国&全球销冠！比亚迪2025年460万销量续写新能源传奇 - 汽车之家,https://news.google.com/rss/articles/CBMiW0FVX3lxTE9uZnVBSjUteGdpaWJTWFJYVUZFamtkRDVhZlM0QWlyX3pUbHhyN2xoeVFqb0xLdVR3eU5oYmN4NExNZkVybWM1blZHTXZoaTEzLTJ6ZnBMV0JRUGs?oc=5&hl=en-US&gl=US&ceid=US:en,汽车之家,,新能源,2026-02-10
【视频】冬天开新能源跑长途行吗？这趟3000公里给了答案 - 汽车之家,https://news.google.com/rss/articles/CBMiW0FVX3lxTFBmLUxvcjU3SWQ4U09FbmRVbHIwZFNGd2xmRXI0blZOcXhIaWRESnE5VEtyVzAzdHQ1UWhXTHN4NWlkY1VTb19zM2RXQUliVDItWWt6VHNtTTdIUjA?oc=5&hl=en-US&gl=US&ceid=US:en,汽车之家,,新能源,2026-02-10
2026年1月新能源汽车销量冠军揭晓，比亚迪继续领跑 - 新浪财经,https://news.google.com/rss/articles/CBMieEFVX3lxTE95VEdUTDJZdWI1MzBrZHR3RTFveFFlTy1Sa1RyRENCR0VQcnlvVUhPblRFWHdreW1zRVlZOFdxQXg1bUl5ejlKcFg0VGFWTlE0azRIS0pIbnJ4dm93UzVPbjF6NXZBUm1wcFNwZ09kc2pRWm1YX2hUUg?oc=5&hl=en-US&gl=US&ceid=US:en,新浪财经,,新能源,2026-02-10
途观L ePro配22度电池，能破局新能源SUV市场么 - 汽车之家,https://news.google.com/rss/articles/CBMiW0FVX3lxTFBYZHdlcFZ3OXdLTWJ1UThlRmx2TjhIUkFwTkpJSjBEdl9xS05KaTQ4cjBPUklLTkdnbnlic3JPUjZiU0k0bG5Ydkt3RVF0LXVyMDRZUzBZOC1rUHM?oc=5&hl=en-US&gl=US&ceid=US:en,汽车之家,,新能源,2026-02-10
工信部发布《减免车辆购置税的新能源汽车车型目录》（第二十七批） - 每日经济新闻,https://news.google.com/rss/articles/CBMiZkFVX3lxTE9RdEVnQzY1N0ZzQWFPekdvR3FFNnJqY3dMX2dVLTJKcndzVjJCcURpZDluWnIyY3FVYTJEX0JlVG1aWVlpQ3Y5Y3NoUU82M2UwQ1lvb2F4WHFTRmI3WFUwcFRuVldnUQ?oc=5&hl=en-US&gl=US&ceid=US:en,每日经济新闻,,新能源,2026-02-10
广汽集团副总黄永强出任广汽领程董事长 前任郑衡只干两个月？ - 汽车之家,https://news.google.com/rss/articles/CBMiW0FVX3lxTFBsUGlzaDdaWUtrY0pkZFJ2a3V0SVdpQnpTQzRPaDdjUk0tajljT2dfeHZUOTltaWg0QlNUeGNmM01iV1lFRms5bUQyUHE1dVdLeV9ZWEpvOVVpT0E?oc=5&hl=en-US&gl=US&ceid=US:en,汽车之家,,新能源,2026-02-10
奥动新能源上市了吗 - 汽车之家,https://news.google.com/rss/articles/CBMiW0FVX3lxTE5vVDhHLXNZeWpwQVRGRzR1aGV1ZWV1YVF1SWFLbEJ1cHNyYVp5NDNFWnBhV0ZxRVJWWm8weUcxOWRScTZndFpXb09CRGNKRXVPdkE5Uk05elhXSWs?oc=5&hl=en-US&gl=US&ceid=US:en,汽车之家,,新能源,2026-02-10
造车新势力一季度成绩单来了！蔚来险胜威马，新势力形势不乐观 - 汽车之家,https://news.google.com/rss/articles/CBMiZkFVX3lxTE1MeHN5MDdoaUdJN1I5bTRuN2tLQlJ4U3VqVHpncGQ0TlFkV3JGZm56cFZJUUJ5Vl9SdWMyUEFuaXE4ZjExOVFvTU81V01qTlBlOG42RmJINVRMTXItVzh1YnJOci1NQQ?oc=5&hl=en-US&gl=US&ceid=US:en,汽车之家,,新能源,2026-02-10
【视频】2026年换车是选油车与还是选新能源电车？ - 汽车之家,https://news.google.com/rss/articles/CBMiW0FVX3lxTE1BRmpVQU5yNUVjbDA0SFhVdnVXTXNRY0JYREFjenhWemZ2dnJfZHdXZTE1MGx5cFRpUzdtNUhpOFNpUDJ0MWtFS2ZuNEthMkpuaHNlaVJDQ1prNDA?oc=5&hl=en-US&gl=US&ceid=US:en,汽车之家,,新能源,2026-02-10
海南最大新能源重卡超充站投产 - 凤凰网,https://news.google.com/rss/articles/CBMiTEFVX3lxTE94MFFvTkxvZHdrV2dieUkxMlo3N1E1MVlJZVlJVXg5X1BFNnQ5R0RzblowRDlCdE5vZl8tSDVHNDFIek1LVXRVY01mN1k?oc=5&hl=en-US&gl=US&ceid=US:en,凤凰网,,新能源,2026-02-10
央媒眼中的吉林（2026.2.9）丨红红火火迎新春 新能源发展加速 - 中国吉林网,https://news.google.com/rss/articles/CBMiYEFVX3lxTE1XZUFpbE1ENHE3dTU4Tm5aTTdzOEpaZVBpamR1LVhwb0Y2dWpjUzVXc1ZDQ0xzdFNpNmVmdGdHZGFlaXYwTmEtVGFQakNDWDJyTFdpdlE5aElXczlmVDJ2aA?oc=5&hl=en-US&gl=US&ceid=US:en,中国吉林网,,新能源,2026-02-10
从武汉起步，跻身全球前三新能源电池头部企业再次重仓- 湖北日报新闻客户端 - 湖北日报传媒集团,https://news.google.com/rss/articles/CBMiWEFVX3lxTE52ZXdtM3I0ZDhpcGZkUzRlajNYb1dDZEFnNjRsUzlzQmFvV1c2ZWZ0b2lSX2hTRXcyODRGZy1lODF2VkRGaE5rYkxiNTNmQ0thb1RHaU5DUWc?oc=5&hl=en-US&gl=US&ceid=US:en,湖北日报传媒集团,,新能源,2026-02-10
【视频】又一个新能源品牌来了？赛力斯：将剥离蓝电汽车成立新公司 - 汽车之家,https://news.google.com/rss/articles/CBMiW0FVX3lxTE14UjMwMkFuSGEtTWtqa0pVMG5Ia0FPV3owNWgwOWZwRnhlVVdxbTEzUVBBU1ppemgxazZnaV9Oa1lJY1dWY09lTjEwRENKaUxueHRBWWRsNjBlZG8?oc=5&hl=en-US&gl=US&ceid=US:en,汽车之家,,新能源,2026-02-10
【视频】选新能源还是燃油车？长城欧拉5都能满足你！ - 汽车之家,https://news.google.com/rss/articles/CBMiW0FVX3lxTE5nRTRGUzRBb25KSWIwc0NPUURkVTV0YzdPMFU2enRobWp4WUMzb1AzYk82eG0xQjFGQmVOc0pxaFU4dmhxYXZrRGFWX0xnXzFpNXhnemc4ZjlrY1U?oc=5&hl=en-US&gl=US&ceid=US:en,汽车之家,,新能源,2026-02-10
2000万辆二手车交易新高背后：车商利润触底，行业洗牌在即 - 东方财富,https://news.google.com/rss/articles/CBMiZkFVX3lxTE5rNFo3bVpFa2NScEdndVQ1a0lfOWtHRlZBUTdLX0ZlUUx3Mk9ReDQ0cmhNcEdSVWZsZk1Pa0M0eE9FbVc1S05BSFlqYkhsNmZXdjAyZTA2ZnQxZlNvSWlyOTljRTJWUQ?oc=5&hl=en-US&gl=US&ceid=US:en,东方财富,,新能源,2026-02-10
【视频】拿捏从容出行！沃尔沃XC70这才是新能源豪华该有的样子 - 汽车之家,https://news.google.com/rss/articles/CBMiW0FVX3lxTFBKemR5eEJwSW1ycFY1a1A0MXdvVUppWEJNU3VDcVFxeTB2Q0pkcXBrbVhPdTltWkJQVTFNczVPS1pfaHdOTmptZXlvV2hMY1h0NXRzQjEyckJEaFk?oc=5&hl=en-US&gl=US&ceid=US:en,汽车之家,,新能源,2026-02-10
瑞风新能源拟投资约240亿元，建设宣化人工智能算力中心项目 - 新浪财经,https://news.google.com/rss/articles/CBMieEFVX3lxTE9xMnJDcFk0dU5nNDNnVGNxcUtiNDFJbDhuS0JHVm53SlRLeExMX2dtaGdJMlozWmI5WjlVMVh5Q1Uxd3hESFV5ZXFnOTlqSFVxaXViQ21hWVVFeVowVGttUk9mVndiRFhzbWVOVy0xcElpdEZSWEQyRw?oc=5&hl=en-US&gl=US&ceid=US:en,新浪财经,,新能源,2026-02-10
【视频】长城汽车冰雪欢乐周：新能源车冬天玩雪？Hi4 把雪路变坦途 - 汽车之家,https://news.google.com/rss/articles/CBMiW0FVX3lxTE9mVXREM1IycXRLRUp3dlBwcjkwcmhQQ25aZkROdk02ZmpXMWtzalBlaUZrZnZKdzFTRGw1Rk05WG5GNEsyWFFZcDUwSUJ4VG1uZE8zR3VMc2phUE0?oc=5&hl=en-US&gl=US&ceid=US:en,汽车之家,,新能源,2026-02-10
【视频】比亚迪稳夺1月新能源汽车销冠，技术老大的实力体现在这销量榜上 - 汽车之家,https://news.google.com/rss/articles/CBMiW0FVX3lxTE5LQS1jLURlNzJiNFBJRmtFMmRxVUxMdHhlOFphYzRpUnJyR002RWJraG14WDdxcUdraElvS3JkUVZrOUpFZktnM3prUjZKMXpKalAwT0xsSWZreUU?oc=5&hl=en-US&gl=US&ceid=US:en,汽车之家,,新能源,2026-02-10
春节将至忙生产 绿色产品拓市场 - 新浪财经,https://news.google.com/rss/articles/CBMieEFVX3lxTE9OYkpxb05UcWh0SEdMc3o4WkxtYzBUV0hRZFBhZGRCTGwtVGNnNEFubGpZSlJFMzhudlpWQzc3YndwTU51TzBxdkc1Y0hjTHJLaDVQcUlwWElGQlhNd1ZWMkRYLWRubFdqZnBTRk5uUkhQcXh4OXdvTg?oc=5&hl=en-US&gl=US&ceid=US:en,新浪财经,,新材料,2026-02-10
2025年甘肃37项工业优秀新产品出炉 - 新浪财经,https://news.google.com/rss/articles/CBMimAFBVV95cUxPS3ktb0lPcEl2SktjWmpWdWJKMHBGOEtvM240VDdoWFFtakdCYThrLXY3b2VyX01FLTd6RmFaZUFnaDhJMDlNWk9lM2QwY2UwQWdCTGIwZV9ESUYwWGFNVmZwejJqWEhIQVJ3b1lYMG40UkRfNXpvSWlUWFZBQ1VLMWUtWjdYRFIyZ25zZ1Q2QnBVeHFSbFVQdw?oc=5&hl=en-US&gl=US&ceid=US:en,新浪财经,,新材料,2026-02-10
烯石电车新材料(06128)股东将股票由昌利证券转入香港上海汇丰银行转仓市值917.83万港元_股市直播_市场 - 中金在线,https://news.google.com/rss/articles/CBMibEFVX3lxTFBFSnZRYnF5OEFjV1pwU2x5aW1yRTJ5Rmw4Y182QVRRSDRJbGVLV1BMeWwwQmJsd201cUhtankyWncxTWNqX291a3RuVVY1cmxURlBBZGVtZV9Cb1N2cHJGQWhhSDJfUm5YdWplYQ?oc=5&hl=en-US&gl=US&ceid=US:en,中金在线,,新材料,2026-02-10
硬核科技集结，中关村前沿大赛新材料领域十强出炉 - 京报网,https://news.google.com/rss/articles/CBMiXkFVX3lxTE43R3RVcVplRDJYNXNZR2xIaXRuUmc1cXNWcnFUWFd4S19KTWlrZEItbi1ybUxSNFBjOHpRekoyYkxjeWUyYTVwcU1LLUZDLXJ4S1JtOGtxZXB5bVZ4RlE?oc=5&hl=en-US&gl=US&ceid=US:en,京报网,,新材料,2026-02-10
惠阳区政协委员王蕙瑜：构建全链条科创平台体系，提升新材料产业核心竞争力 - nfnews.com,https://news.google.com/rss/articles/CBMiWkFVX3lxTFBxYU9OQ1RZdVZyUHFoekd5R0QtYzVPMWc1RkpYaURaVGNjUmpFSjc4a29IXzZpRjJMejF6eS1qNFo5bE5vNEZxVHMyYnBHbW9tdzc3U3pkbnJUQQ?oc=5&hl=en-US&gl=US&ceid=US:en,nfnews.com,,新材料,2026-02-10
履职“关键词”丨泰安市人大代表赵建国：集团将重点从绿色建造拓展 智能制造升级 新材料领域探索三方面发力 - 齐鲁网,https://news.google.com/rss/articles/CBMia0FVX3lxTE14d3NIbWVSMXdiNGhnYmJhcC1kbmRad2cxVmJLZkZpejlzMC1VMVJmb3RSNEw2cVBGZ1dCVHd4b1JhRWpKc0FRNV9rRjNwejhtMGVUZWh2VUxqMjZBUFNxakV6cUhpa0g5U0M4?oc=5&hl=en-US&gl=US&ceid=US:en,齐鲁网,,新材料,2026-02-10
佛山在线 - fsonline.com.cn,https://news.google.com/rss/articles/CBMiW0FVX3lxTE9WNWNjd1hSTUt5cFBwdDN3WDl1dlJWMGNpNmhjcmtjMFM0UWZ4NjRmZXhhY25QSWFOUURPdloxMVlFdG02bFRqcmU3Y0tmWWZrby1iZnNNV2dXWW8?oc=5&hl=en-US&gl=US&ceid=US:en,fsonline.com.cn,,新材料,2026-02-10
“指甲盖大小，承受15头大象的重量”！颠覆性新材料，来了→ - SOHU,https://news.google.com/rss/articles/CBMihwFBVV95cUxQS0RwMnVpaFNVOHRuRWhYanpSZTY4OVF2NmVPbGk5WlpEUFVtdTNuSWkwRk9mWVpQMkNjWjZZUW5jcG9idGRBMHYyc0ZUMG5JeTNJRHJOWFdvMXhHWlZSLW5aOFltZHJ6R0ZGQS1jaUl0TFhuSFVmNnA0OTRIV3h4RUpxcDdZY00?oc=5&hl=en-US&gl=US&ceid=US:en,SOHU,,新材料,2026-02-10
【趋势周报】全球新材料产业发展趋势：我国累计推动价值超550亿元新材料产品进入市场_产经 - 前瞻网,https://news.google.com/rss/articles/CBMiakFVX3lxTE1sMzhsRUE1a2tUMnJWSF9XOTZRdVVJbkdhaVIxa3RwR2R1dkRwRnNHbnNzR3pvTlZxaUpYRkJvd29mSnVVZDZUUmtlcDB2SUlTOHJTMV9LMkVmNkRNU3JHc3VZMUF0Xy1SN0E?oc=5&hl=en-US&gl=US&ceid=US:en,前瞻网,,新材料,2026-02-10
以前想买都买不到！“人工肺泡”关键材料在宁波攻克 - 中国宁波网,https://news.google.com/rss/articles/CBMiaEFVX3lxTE1IS1ViY1FPenFSU0xsMTZQZmJBZG01UTUtVC1QcnFaLUZCZnFvUzFXal9VTTNvdm84OXlXTllDVE5VUUNMWEoxUXVQcTNVVVdXdXhnU3ZxRlRKUUNESldaZnJ6M3FMSE9P?oc=5&hl=en-US&gl=US&ceid=US:en,中国宁波网,,新材料,2026-02-10
新材料ETF (159703): 天弘基金管理有限公司关于旗下部分基金新增申购赎回代办证券公司 - 中财网,https://news.google.com/rss/articles/CBMiVkFVX3lxTE82WWFpNW13amlxcDFOZTNVRzJWS3puUFZPbjJiN2lJcVE5eGFWR1Nsa2RfdHhGOUtKa3JBTWpCd2h4OTVtWHVMNGhrMi01LURPZnhPelVR?oc=5&hl=en-US&gl=US&ceid=US:en,中财网,,新材料,2026-02-10
硅宝科技：全资子公司硅宝（上海）新材料有限公司已于2025年下半年启动了基础设施建设 - 东方财富,https://news.google.com/rss/articles/CBMiZkFVX3lxTE9lLXdpRHpmTGc4QW9kVzRWSnYtdVZZdUJlb2hPQmdsUnk3a0dkNFJjRE80dmlxUTJMZ0NobHZnYmZFanBsZjZ4NUhYVnh2ZVBwZ0xyOXQtNjJfcjd1NkZiUzZLV1NHZw?oc=5&hl=en-US&gl=US&ceid=US:en,东方财富,,新材料,2026-02-10
追“新”逐“智” 焕发新颜 - 新浪财经,https://news.google.com/rss/articles/CBMimAFBVV95cUxNMXp2Mi02Q0FwMmlpaTFMaV9sTE1Jd3VkNk9ESGhrMjVraVUwVGtQMTNCT3N6a0g2MkE0R1FYa2gtbTZUUkRYdWZES3dOekNPSnlSYk9KeE4zNnB3SGM1aVJtNmJPbjNvdVJFcmpBNFZISUNxdTU5OXJTdWRhcktBTVNWLWZlem9tSjNIVzllUHBwbktGOHppaQ?oc=5&hl=en-US&gl=US&ceid=US:en,新浪财经,,新材料,2026-02-10
华正新材(603186):浙江华正新材料股份有限公司关于实施“华正转债”赎回暨摘牌的第五次提示性公告 - 中财网,https://news.google.com/rss/articles/CBMiVkFVX3lxTE5ZcTFJYjJaMkNXZWY1eFNfTElrT0NZWmFJOU1hQ2d3UXJZQTAwX3hhaFl6VGZNdmhodGRLUmxQZ3lYNnJoQzZiRE02YTVtQzNQUVEwWkxR?oc=5&hl=en-US&gl=US&ceid=US:en,中财网,,新材料,2026-02-10
神剑股份：公司参股黄山源点新材料科技有限公司和马鞍山东都节能技术有限公司 - 东方财富,https://news.google.com/rss/articles/CBMiZkFVX3lxTE1XV1FaejZ0RTZlSW9DNGlLZ3IzT2hmLUhuLXZGdnZtYVlBTHdmTldkRHJyTWtrVnh6cEJtRV9NbG4zV1hleTdUTXlmMWVvMTE4ODQ2MEN4V19aY1dKR1o5ZGZYY193Zw?oc=5&hl=en-US&gl=US&ceid=US:en,东方财富,,新材料,2026-02-10
业绩扭亏再加码产业布局：信德新材拟斥3432万元控股福建中碳，完善负极包覆材料产业链 - 东方财富,https://news.google.com/rss/articles/CBMiZkFVX3lxTE80aG8tNjhRUUhMQWJHbzlrQ3I2MHJJUnY1VmVoZVhVWk9Wb3daX2x1UGlNY0k1MmdIczI4QlRGN2ZDbjdMaFpWRVZnV0k1ZkoxOUVWcjNIYjFmYWdqanNLWEJNX2lvUQ?oc=5&hl=en-US&gl=US&ceid=US:en,东方财富,,新材料,2026-02-10
百川股份：目前宁夏百川新材料负极材料合计产能规模为10万吨 - 东方财富,https://news.google.com/rss/articles/CBMiZkFVX3lxTE92TzVxSGVveDhIaTlXbXFrV011ZEZuVEtFWExxTzdqTlR6YTZHbUdicnBwWVJFby15cms3RDR4X1VHZ2NBb1ZFc2pjOWRHTTJVQ1FVaGs2aWwySVlmODFGa2cxbTZhUQ?oc=5&hl=en-US&gl=US&ceid=US:en,东方财富,,新材料,2026-02-10
百川股份涨停 百川转2大涨20% - 东方财富,https://news.google.com/rss/articles/CBMiZEFVX3lxTE4xMnd2QzNma01uSnl4aUpmTklzMXdBYjJrQmYxNGxGT19TMkEza0c1eGNYSC1CR1pOamZKdzhEbFpBQXhld1l0ZFVFRnJTLUxNX2hZeXJ0OFVqMXNpMmJOZ1JPY3A?oc=5&hl=en-US&gl=US&ceid=US:en,东方财富,,新材料,2026-02-10
宏柏新材(605366):江西宏柏新材料股份有限公司关于2022年员工持股计划出售完毕暨终止 - 中财网,https://news.google.com/rss/articles/CBMiVkFVX3lxTE90MkVrVmxBMnd6c1liMUMxdDhXQ25xUXA4elJXeUVVU3d2a0JTcWZtRGN0WEd0ZC1ha1FIVDJRbHRGVFdleThyRk53T1NqSjkzVXFQSEh3?oc=5&hl=en-US&gl=US&ceid=US:en,中财网,,新材料,2026-02-10
FINE2026 & Carbontech 先进半导体展，火热招展中丨6月10-12日 上海 - 电子工程专辑,https://news.google.com/rss/articles/CBMiU0FVX3lxTE1SZndXSzk1d3d6dXNmTGUyVndIM3Z6Yk1yNXh6akZfMjE1eklBb0Z6Uk9iNGpzODFnVDB4NEtiSEpWSC0xU1RjTzRJZ3FlcllobFU4?oc=5&hl=en-US&gl=US&ceid=US:en,电子工程专辑,,新材料,2026-02-10
铜陵有色集团4项产品入选安徽省首批次新材料 - 同花顺,https://news.google.com/rss/articles/CBMiYkFVX3lxTFAydExBQjVfTUJuYm1BbEFxZE9ETEVoRzdCWXNaWHRNYmVpNC1hNEwtWnZCQ1NRY05Ha3ozU1A2QzNCaXpQU2V1MUhDbnU4dTZhMXNpRDJUQXp0R0stZlhwMnFB?oc=5&hl=en-US&gl=US&ceid=US:en,同花顺,,新材料,2026-02-10
巨星新材料推58SHT超高性能磁钢获B轮融资 - DoNews,https://news.google.com/rss/articles/CBMiXkFVX3lxTE1TY2pFY3lPMWRoamk5bVdtTnN6SWFTcFoyZm1MYjdxMWNEcXdfWFcwaGpNcHZRMlpWUkZ1WGdJaHZvSkswNjl0TURGR05nQmpYR213S2pjYUJ6NFdSb2c?oc=5&hl=en-US&gl=US&ceid=US:en,DoNews,,新材料,2026-02-10
皇冠新材单价持续下行：研发费用率弱同行，分红1.58亿再补流1亿 - 凤凰网财经,https://news.google.com/rss/articles/CBMiUEFVX3lxTFBfVmlLTUMxOW5nenpiU1RrUWRVSlVnaElpeXJCNEVXbkMzWnVxcnU5Tldmc0dxMENYUXhCQjlSQkFISlR6QV9hN0J0YVhoRjg1?oc=5&hl=en-US&gl=US&ceid=US:en,凤凰网财经,,新材料,2026-02-10
盟固利(301487):第四届董事会第十九次会议决议 - 中财网,https://news.google.com/rss/articles/CBMiVkFVX3lxTFBmQzJwbC1wX25JOWdETVhobld5NUtLWk9wSW56VEFxVFdjZEdrQm9lRUlOV0JqVGo2b1ZQb3lpMHdwcDkxcVViMmxTYy1TVVVPeU1kMjVn?oc=5&hl=en-US&gl=US&ceid=US:en,中财网,,新材料,2026-02-10
永杰新材(603271):永杰新材料股份有限公司关于使用部分暂时闲置募集资金进行现金管理到期赎回并继续进行现金管理 - 中财网,https://news.google.com/rss/articles/CBMiVkFVX3lxTE1ITUctTWt4bXMzM05HMmdvbTNTZ1ljT3lyM19MXzFxYVgwX3AwMUlNWjdtX0M5SmFsOUtQNFBPLWh2T1JUMm93TnNKWE5FOEdMWnh0WHln?oc=5&hl=en-US&gl=US&ceid=US:en,中财网,,新材料,2026-02-10
金属新材料板块2月9日涨3.17%，云路股份领涨，主力资金净流出1.13亿元 - SOHU,https://news.google.com/rss/articles/CBMiiwFBVV95cUxQYTBRZlZMZDBqWHlHYUY0SFN5aFJ6UnNrWDhqV2xQT2NXQ3lhbkRZUVNnWS10X1pvQlRSVzE2SlVJSGxWb0FTOXAyakoxVElScGE2Vl9EdUxhODlrUVlNb2Y2Z2xkYzdTUERyVENLX0xBTThtS3JXcmxhdHF6OHU4Snp6cmdWd0RHbFJV?oc=5&hl=en-US&gl=US&ceid=US:en,SOHU,,新材料,2026-02-10
芯片散热的中国名片：瑞为新材金刚石散热技术助力军工与民用算力发展 - 51CTO,https://news.google.com/rss/articles/CBMiU0FVX3lxTE5QRnZJRlFKZFdwakwzNGFpTDIwRW1Eb0FtVEg4d181dDk1WHpCdkpiRHF5Q3Jfb0VpS0c3cVUxNEllRmx4RzNjSWZyT0hXemwzUXlV?oc=5&hl=en-US&gl=US&ceid=US:en,51CTO,,新材料,2026-02-10
聚焦新材料创新成果，南沙这场对接会架起产学研金合作桥梁 - SOHU,https://news.google.com/rss/articles/CBMihwFBVV95cUxNSWN5UkMyN241VmVlNjNRVG9DMFozUlE5U281RFd5Wk4wSUR5UG1ELUw3NzJBYjhaejJBN2NRLW5WcXpEVUxONjlmalpFTHFMeEhUNzRRdVVaZm9wMkRuMDVJUkdyaEt4NDRDSC16eWk5dlR1dTlEZ3g2ekZ5ZURicmlselllcWc?oc=5&hl=en-US&gl=US&ceid=US:en,SOHU,,新材料,2026-02-10
股票行情快报：永冠新材（603681）2月9日主力资金净买入264.94万元 - SOHU,https://news.google.com/rss/articles/CBMiVEFVX3lxTE92Y3Z1SEVSMTVtVXBKbzVYOXFKOWpnQ295TGQtMjFtZDVHbjh6NWhUNnhtQWhhQk9Sbi1IM29ScUNoY2x3UGhmdlplTU1mYzBBZGNfeA?oc=5&hl=en-US&gl=US&ceid=US:en,SOHU,,新材料,2026-02-10
AI加速材料发现：新材料ETF大涨，AI4S驱动研发革命 - SOHU,https://news.google.com/rss/articles/CBMiiwFBVV95cUxNZEd3dzhGMHkwd0JVVHRsaTNiTmxIRjhrQzFRRHp2ekRCZU0yNDRLMnBJSVJDbVFsYlYtYlZvY1BWdlJhS2ZJRDltOEhETW44akVaUURPeURPcU43SnMzTGRQRWFSZ19tQldHeFdYcFNKcWJkQ0dTV0RRZ2JxREVLY3hWWXROejRxaS1z?oc=5&hl=en-US&gl=US&ceid=US:en,SOHU,,新材料,2026-02-10
三超新材子公司法定代表人变更背后的投资机遇 - SOHU,https://news.google.com/rss/articles/CBMiiwFBVV95cUxQcjJHMUpLNE56ZERJWTlBRVVRZFBqQ0VMdEV6RmV1TUJFd3lsTExoTFpqR1hpUjVGb2NuWUZjTUJQcWpkd1F4ZUs0dWFodXcyZG1jcWtyTW1wN0hkaGdWUHRGVHdrR1JXTHZoN1FUdXB1Q1RLV2ZJLWpKb3RJLU84X0xPdUFmU0pndEx3?oc=5&hl=en-US&gl=US&ceid=US:en,SOHU,,新材料,2026-02-10
金固股份具身智能获头部机器人量产订单，**新材料**商业化提速 - SOHU,https://news.google.com/rss/articles/CBMiiwFBVV95cUxQYkpzc0ZlaHZ6ZXpuNEY4R1pIb3pDeklRMzlTZ2lmZVc0ckxlOVdXcVV0TEtUNTh6amZYMEFSWTdXZzJQUFpjOTBqc3RSQUV6NnJpZC1ibGh2N1pyNUJSYWNaUEwwU0ViX05zRTQ5d201dkZFeEZWNnItZlhJMU1GamNHZzdGWFJIQ1Uw?oc=5&hl=en-US&gl=US&ceid=US:en,SOHU,,新材料,2026-02-10
新和成股价连涨5天，泰康基金浮盈超64万元！ - SOHU,https://news.google.com/rss/articles/CBMiVEFVX3lxTFA4WmtoWjF4ZlVScU5KR21NRGZjRGIwSERJOW1BRWVhNVpEODdJLWhNOWlGelRHck1hSTR6dUI5dU1hYnc4NVBUcFBoSktFb1VGUEpnQw?oc=5&hl=en-US&gl=US&ceid=US:en,SOHU,,新材料,2026-02-10
金固股份具身智能突破：铌微合金结构件获头部机器人量产订单 - SOHU,https://news.google.com/rss/articles/CBMiiwFBVV95cUxNM2cxQ0h5MGRRUUlDVUtMU2FBM3ZvNmRGd1ZPdnluOXFLUFNqMHhSZEhyczZsU28zQnExQ29yc1VwNnhkS0JpeHNsMEFFTS1nNVZ1VjJiNGkzNGhaajJsaDhnMTVtd0kxckVhZU1hNU1fejJLdjlBNnE1UkxDNjZaZXZCUWJaaEJiMXFv?oc=5&hl=en-US&gl=US&ceid=US:en,SOHU,,新材料,2026-02-10
金固股份具身智能突破：铌微合金结构件获头部机器人量产订单，加速商业化 - SOHU,https://news.google.com/rss/articles/CBMiiwFBVV95cUxNVHdRYUxoV2VFeTVNUWo5NUVWNk53V3ItSm91bTVsRVRyVU5PbEt0OXRfd0JCeEFtU09GdFhCcUNHN3J1NllPQ25zU1cwRjBTY0JLV2E3aWhvUXo4NXVvTmQ2bzEyZ1gtbjRZUjFUSVM5aTRPTjhLaldGRFhtSDBFSG9qNUJwQk5HTWtV?oc=5&hl=en-US&gl=US&ceid=US:en,SOHU,,新材料,2026-02-10
小米超强钢技术突破_新浪新闻 - 手机新浪网,https://news.google.com/rss/articles/CBMiY0FVX3lxTE14WmgwTVZlYzFsQ0JVbzZxMnlhcm4xUjhmN1BDZFZPR0RGaUpOd2ZVeElZVW1kTkpFZC1UZDYxaWR0VHFGRjNiaUw1WGh2eXFhREw3Xy1LQVlVclhRNHFNcXpfSQ?oc=5&hl=en-US&gl=US&ceid=US:en,手机新浪网,,新材料,2026-02-10
宁德时代、长安汽车合资公司成立新动力电池公司 注册资本10亿 - 汽车之家,https://news.google.com/rss/articles/CBMiW0FVX3lxTFBjUnp5MV9ILTlvSzVBZU5xSDdFY1hUb1pRa01NVVRPd2Z2dVJPN3BuaUhxNEo1UGNIbnkzbF9ZV2xweTU1QV94VndrWlVzMDJTREdmNnFjd3Zxdlk?oc=5&hl=en-US&gl=US&ceid=US:en,汽车之家,,新材料,2026-02-10
硅逼近极限！这家初创企业抢占原子级芯片新赛道 - 36 Kr,https://news.google.com/rss/articles/CBMiU0FVX3lxTE03NkNTR19tWG1WZ0JheGMyZ2VOMHlXUmJwNmR3eGVBYXZQelUwNC1hN0I1T21RQ3V4Zk1MQjZfY2paTXhVTGdDeElBc3l6VEh4SHRv?oc=5&hl=en-US&gl=US&ceid=US:en,36 Kr,,新材料,2026-02-10
百汇达突破复材防火及增韧技术 提升产品安全性能 - SOHU,https://news.google.com/rss/articles/CBMiiwFBVV95cUxQcTRhRXJKdEFVZ21TVlV6ZmQ4NFpSUkxSRmVFU2hqMXdqdlBybEwwcVVCX3lwQkZSMjBJVk9SS3JiVzBEZER0U1lWVW9vZlpKd0ZldjFIUjJEYk9Qb0ZJeUROVFFRMVByY3Y3bnV1V2ltRm9pS2hkUnoyTjVfZkFialF2RGdPeEw0cHc4?oc=5&hl=en-US&gl=US&ceid=US:en,SOHU,,新材料,2026-02-10
涉嫌信息披露违法违规，天晟新材被立案，维权征集启动 - caiwennews.com,https://news.google.com/rss/articles/CBMiXEFVX3lxTE1DMUZRMC13ZmRFUUNJNUk3ZHZMUjNDSHR1VnE1enBGWDB3Q3E2LWNfakY1aDAyWUQ4RGh5Vk1TVHMyUkI2UW52Y0t4WDBvdHBTV280RTY3Z0ZIMWNv?oc=5&hl=en-US&gl=US&ceid=US:en,caiwennews.com,,新材料,2026-02-10
《崩坏：星穹铁道》4.0版本新增关卡 - 17173,https://news.google.com/rss/articles/CBMiZEFVX3lxTFByc3FkRFByN2JEakVFTWYyelRwUGktQW44MkFyTXdrMUZvWEZPM2FWY2o4YlJoR25TWXU1cEx6cGg3UExlWl9Idl9hLVJneHJZeTZQR0ltNXhXcXM5MU5uV1FlMkw?oc=5&hl=en-US&gl=US&ceid=US:en,17173,,新材料,2026-02-10
远翔新材高管减持股份，背后隐藏哪些投资机会？ - SOHU,https://news.google.com/rss/articles/CBMiiwFBVV95cUxPdmVSTmViYXMtdkJ2Z2hwb1pKZ2ZobnJYNEgyYmc0ZjFLb21rUFFfdFFpX3ZJRU13OVFUcFBEZGtKLVpTQnhJSTA5T054OHA2aHhvVDRfcW1EbFNhdFlGNDRIWEhLTi1zc3FVQVV5OW5wMmwxM01SOERoTHBsNnJSTEFrdnJ6ZFBJRXBF?oc=5&hl=en-US&gl=US&ceid=US:en,SOHU,,新材料,2026-02-10
康鹏科技关注AI材料应用：探索技术融合，驱动研发与生产效率 - SOHU,https://news.google.com/rss/articles/CBMiiwFBVV95cUxPX0ZvUXA0YmdUdE9DcnF4T1Q4ek1Nek13SmlfR19LRUdoNXo3emZqZlhLSVp5TDY5QWFVY0VaZVItZzRiV1BZdl9UUU1vdmM5a1BLWFo4MzNERXhtR0szdXdoalh0SXpRRWVfM0R5emFSNDdoZVI1MDZVMnc3Wi0wbjNidm5Gbk5neU9Z?oc=5&hl=en-US&gl=US&ceid=US:en,SOHU,,新材料,2026-02-10
2月9日数字经济ETF工银（561220）份额减少150.00万份，最新份额1.20亿份，最新规模1.83亿元 - 新浪财经,https://news.google.com/rss/articles/CBMimwFBVV95cUxPbVR6ZkpZd0R1TXd1U0FJRWpDV1FCNmZVODhlZnFERlEyVjRoQ1pEUW41NXRTdTZZU1QxMW4xQ0JYZ0l2TXlqWE5yM1ZYbUdhRFJYWDNDMGgtRGNkdzNTek4yNEpwRVpJNy1WTGcxQW1sdlN4dkIzazhVT3A5VFc4a0ZIajVnNVRYbXdSTE1vcUt0QTlBY0dCbGRUUQ?oc=5&hl=en-US&gl=US&ceid=US:en,新浪财经,,数字经济,2026-02-10
第三届北京中亚数字经济产业发展研讨会暨三月数字经济技术研究院联合实验室签约仪式在京举行 - 新华报业网,https://news.google.com/rss/articles/CBMia0FVX3lxTFBObWRzbVZ6MVRqbVR4eDBSOGtYRmQyUlFfR1hGREJUa0ZtTWRjcjN0WDF1X000VGpzZjQwODBDSV8tZkxiQ0hwTGo0OWNQeUNPTzRTcmNuZndLYk1sbVczaDdqbk1nT0pjbFVn?oc=5&hl=en-US&gl=US&ceid=US:en,新华报业网,,数字经济,2026-02-10
李晓东：增强数据供给活力，加速数据价值释放--经济·科技 - 人民网财经,https://news.google.com/rss/articles/CBMibkFVX3lxTE9YUnQ4cXRLVlJTaVZ4WU9SUTdscjl3SEVXZFlqNGNwdWVsRm01czdrOVJDenVRVjBkTUIzakxWQzgwZVF6OGQwT3VkSng5eWFYeEtyUDhCd3RVMUNGTFdJa3Q5Qm44MDk0UjBJalF3?oc=5&hl=en-US&gl=US&ceid=US:en,人民网财经,,数字经济,2026-02-10
华联控股：公司目前的跨行业布局主要有新能源、碳中和、数字经济等领域 - 东方财富,https://news.google.com/rss/articles/CBMiZkFVX3lxTE5ZajR6azdzeURQcW5rVUhDLUltUG1FRGdXVHNkR1FYTjl2d1lrWV85MXhrVUtEdjlVXzE2QVp2eWp6aWNfSjRfZUtEUllFN21mWlVBRHE1MHotTFI5RmFmT0oxUWJ6UQ?oc=5&hl=en-US&gl=US&ceid=US:en,东方财富,,数字经济,2026-02-10
多地两会聚焦低空经济 代表委员呼吁立法护航 - cb.com.cn,https://news.google.com/rss/articles/CBMiX0FVX3lxTE4xWWJLX2l0VXhvU21FQ0MwU2hieGlqczNZdFFuRURFVEpSTkN2OUNsUGNGek1nMWdjaW1HWVAxZEVWZW5VVDJ3UWo5V3FXdkI4NHlkQlVQWURKRXVCZGlJ?oc=5&hl=en-US&gl=US&ceid=US:en,cb.com.cn,,数字经济,2026-02-10
数字经济主题基金净值上涨3.31%！投资者如何把握机遇？ - SOHU,https://news.google.com/rss/articles/CBMiiwFBVV95cUxOMWNwWFBva0hzY21OSnhwZnhsWDVaaHd5Z1hzZW9LdTVCM1F3V0RjT3JBN3BZWmE2cXVYcENjcExNRGRhV3J1T1lTdzBYVWliMnJuWkNOLWtlTzhGYzFLLUxlU1NUTGlhdlRETzFLZ0JnRnJvWlRHdFlvS0pEWFJfNnV5OF9UbFZsUHp3?oc=5&hl=en-US&gl=US&ceid=US:en,SOHU,,数字经济,2026-02-10
数聚惠水·智联杭州丨惠水百鸟河数据城新春团拜会暨招商推介会圆满举行 - 中华网,https://news.google.com/rss/articles/CBMibEFVX3lxTE1JMnBVRWVCbWkwRXpjMW10bXRtQU1WTUxGQTBkVUlMN0k2VzYyd2Z2bWpWRzNxdm80eS15OWJuQnFSZDMyejk0MjdRUnRLN3NuNmlsLTR1dkpXMjR3UjlxYTVqMVktNXhfQUF4cA?oc=5&hl=en-US&gl=US&ceid=US:en,中华网,,数字经济,2026-02-10
华夏数字经济基金净值大幅上涨！投资者如何把握机会？ - SOHU,https://news.google.com/rss/articles/CBMiiwFBVV95cUxOQ2MtOE4tdjFSVFhhbnQwSEt3WHQ4aXlXTzZRYXBhaU02LU1PbjN5NktmUGVXeFp2QkhWdjB1c3pjNUFBYVktR2RPTkRnRHhRTGNpcldXWkoxZHZ0cmpkZmFNdm8zNEsyNUJueHZ1LWdDYXFVeWZvWDRzUktjZXJtU2NoLXFFM29GTENZ?oc=5&hl=en-US&gl=US&ceid=US:en,SOHU,,数字经济,2026-02-10
大农业全产业链产供销一体化发展战略专题探讨交流会在南宁举行 - todaygx.com,https://news.google.com/rss/articles/CBMiTEFVX3lxTE1TbnpRTlJjNEpTT1RWRGhiaTJtZWctUF9uZEdOMEgtSzNiTzBvdy04Um5qQi1NcENpamhudnZFeHBhTlBJbndZejdtZ2Y?oc=5&hl=en-US&gl=US&ceid=US:en,todaygx.com,,数字经济,2026-02-10
杭州引力链引领，IP/艺术品数字资产经纪人崛起，重构数字财富新生态 - 新华报业网,https://news.google.com/rss/articles/CBMia0FVX3lxTE1CZDVxUUYxb0xoVjQzVzBWY0VzVjNuVC10SUh3R1ZkbHIxSXJ2QWp1bk1sS2lsMjhmcVZfT0hHYVBFWEdFSVExUklMaXhuQnZoa3NxTW80Vm9BOF9QLTJUNFlVemc5YnZ4djNj?oc=5&hl=en-US&gl=US&ceid=US:en,新华报业网,,数字经济,2026-02-10
十三太保逐“掼”金陵腾讯大掼蛋江苏城市巅峰赛圆满落幕 - 中华网,https://news.google.com/rss/articles/CBMibEFVX3lxTE9RaHZEeHcxaGRDRzFnLUQwMktTUnlfbHZ5Y3RJX3ZFVkFUTkExaTR1YXB2SHdLcEp6ZDVtWUEtNllpak1PbGNUd2R6ZGswZFVqU3dZOFI5Z0xIcU10RXpVOW9Ec0lGTWo4MjlKNg?oc=5&hl=en-US&gl=US&ceid=US:en,中华网,,数字经济,2026-02-10
建信互联网+产业升级股票净值上涨4.39%：数字经济投资新机遇 - SOHU,https://news.google.com/rss/articles/CBMiiwFBVV95cUxORTNIOXN2eTFXdkNrQmJ3U0J5NEl2ZXlvRU1WYk1tQkx2MUxTOEpWMjRqYVNxR0diNFJqdVVMa25kLXFfZGdnVTdDRGxHMHRwM3hNak55RzZibFlyM1FYOWJCQ1RMcjdFcjlKblpPZm1odjl0MXdfZHBHNFN5WnlkVHNYMHJsSVB1UHg4?oc=5&hl=en-US&gl=US&ceid=US:en,SOHU,,数字经济,2026-02-10
诺贝尔可持续发展奖得主吴征院士莅临国祥世纪新能源考察 - 中华网,https://news.google.com/rss/articles/CBMibkFVX3lxTE8zTVBYSEtEVFJIR3NVb2JHT2NVX2Q2OVZrOElSYWhBUVdmU2xaelVSVGJha01hMGVhUElZam5kQjk4TVJBUWRBckFpZjdTQ3huckU0S3EzYVRyVC1xUFdkQ1RKc2JhcWM2X05wNEtB?oc=5&hl=en-US&gl=US&ceid=US:en,中华网,,数字经济,2026-02-10
聚焦2026山西两会丨山西省人大代表王宪朝：以算力量子双翼 助山西数字经济转型提质 - SOHU,https://news.google.com/rss/articles/CBMiiwFBVV95cUxNYWFGbjdpbjBVVm43R2xBVUNhSlZFb3l4RWxPckdpelFrUEprbU5LN19hZWw2QVdTMS0yS09Kb3puRDU1cUNHcF93OUQ1OF84UzNIakZra0tneGFNZlhUcFd1TE8tZFFRU0tqNWFWMG1PbWtXRVd3eEFfbWg5RWJ5NjhJMjVMZWhpU1lr?oc=5&hl=en-US&gl=US&ceid=US:en,SOHU,,数字经济,2026-02-10
福建省政协委员黄月珍：加快生物制造产业发展、以数字经济与电商产业双轮驱动赋能福建乡村全面振兴 - SOHU,https://news.google.com/rss/articles/CBMiiwFBVV95cUxOdFNramplSmJmb3ZTWWNIcEpZWmlQQ3JOeURZQ1lRdE5zdmtsUERUajQ3Um01dGFxSW92a3Q1MWhtd0JqWXB5YTFsSmNCVWFNMUtGaTZwQWwyUzAzN2dHaWE5QnFIbXNUbE1IV003VFlkbGhkUnVUSHBCbGJJYjJKeTJiWGlBclRWRzJr?oc=5&hl=en-US&gl=US&ceid=US:en,SOHU,,数字经济,2026-02-10
中恒电气涨幅超6%！数字经济基金重仓引关注 - SOHU,https://news.google.com/rss/articles/CBMiVEFVX3lxTE9tR0p1VnNHc210VmVjbVJrbDRlRDFHUkNVRll0Y3ZwLUE3OE1HejZBZzYwY2x0ZzhkRi1WYWFXekc5UGhKeGpoWFRfazZ3U2dLVEFpMw?oc=5&hl=en-US&gl=US&ceid=US:en,SOHU,,数字经济,2026-02-10
2月14日英方软件（688435）涨停分析：华为生态、数字经济驱动 - SOHU,https://news.google.com/rss/articles/CBMihwFBVV95cUxPX3UxQUxCaTZkOUw2S1ZYUUxXM19mYzQwMUxMMTRvVmhnS0VRMUtySkxfNXpSUTlVZFBQcmFHQkZxXzJaT193TXpjTW5TZ1RpNEN4THFtNnRZUTlud3UwbWlPYTgycE1UUzN6RFlRbGQyeDl6VDdyTENUWS1xZmNhRmJxVzJaeHc?oc=5&hl=en-US&gl=US&ceid=US:en,SOHU,,数字经济,2026-02-10
数字经济ETF：2月6日融资买入82.47万元，融资融券余额810.73万元 - SOHU,https://news.google.com/rss/articles/CBMihwFBVV95cUxNNUc0bnNVTFp5dnJUdFBvbUhpdElQVHc1bjBDaUlRbVJLTVoyN2xYNGVzcE56aUlIRUVLdXZEaTc3QktWWkJoLXlpd0tPTjN0WmJRZFV4VnEyVWdUU0t0bV9ITkdLbV85a3Q5ZHcwNHVPMVZiTkRzenZkN0hLNTU1Z2lOYTlSYXM?oc=5&hl=en-US&gl=US&ceid=US:en,SOHU,,数字经济,2026-02-10
海淀AI数字能源产业园揭牌：聚焦**AI+能源**，打造数字经济新引擎 - SOHU,https://news.google.com/rss/articles/CBMiiwFBVV95cUxPSnE2WmdwLU1OcXZja0JTM0JJUWt4ZEYxSHp4SDFYakdvd3hrQ0lPTE4td3RPdmM2ZktJdThQTDZrLThiY3FMcWNvZF9JWHU5TUVqR2ljLXlNSFBOTDRfQW44bXlkbE5oamg5Zk90dlZrMmg1T2N6d0J0TlRzZ3dlbmNMYkxjOEo2aTlF?oc=5&hl=en-US&gl=US&ceid=US:en,SOHU,,数字经济,2026-02-10
李肃追思翁永曦7：支持朱嘉明研究，与我和黄江南出资数字经济院 - SOHU,https://news.google.com/rss/articles/CBMiakFVX3lxTFBxMXlQZm9ubmptS2o4OVVNZlJzSUU4SU8tNkhfMzdaS0hLRkJGeWppNEdNSy03dGttN0dhVWVwbFlmZW5XVFJyS1BGamlLVjJrZ3FCbTlvMmtPZkhIdURFR2xKU2NBbkg1bXc?oc=5&hl=en-US&gl=US&ceid=US:en,SOHU,,数字经济,2026-02-10
Celios发现2025年经济增长来源的异常 - VOI.id,https://news.google.com/rss/articles/CBMiR0FVX3lxTE5nLXJYQ1NJSG9Ma0RxYlFUUEo4U3RFTmQ5ZThVY1R4TnFpOFltR0tyMHhteHI0UnlRVnNvVkhhVGpQZENRd3dn0gFCQVVfeXFMTjkwQXlZZEtGUHMzalVQc09pQ0FMdml3U2JZVUJ1bVo4RGpLMzdjOWxaS1JhMndUMjItcVdMdUszQV93?oc=5&hl=en-US&gl=US&ceid=US:en,VOI.id,,数字经济,2026-02-10
安华下令各部门 速落实数字与AI议程 - e南洋,https://news.google.com/rss/articles/CBMiYkFVX3lxTE1yR3RuRUNjOGZlNllYTTR5Sm55RXdmcG9lNHh1Y3Z4NXd3aE4yNzhjd3VkSGtGcXdObWJCdDZPUktyQkZBeHo3Wm4wNWxwNHRSd0FjY0RLY3daM2lVc2FxUVdn?oc=5&hl=en-US&gl=US&ceid=US:en,e南洋,,数字经济,2026-02-10
博州上新！无人配送+全场景服务，便利值拉满~ - xj.chinanews.com.cn,https://news.google.com/rss/articles/CBMigwFBVV95cUxORDdfeTY0WXlCQVRSdEF2bElUekVoQzFNaDhWbmF0LUZDV0RwMWh5SkJ1dm1vYldYYUVnUk9WMFJqc1NNeWo5dzZDdDBvbVFLRnRTaU5BWmdJTk8yWlFfemNGZDNBb1IzTHlxeGhMRFJWQkY2Z2ZHbzk4OUdYcllWbDNmSQ?oc=5&hl=en-US&gl=US&ceid=US:en,xj.chinanews.com.cn,,数字经济,2026-02-10
厦门：数智赋能 迈向新发展格局数据节点城市 - 新浪新闻_手机新浪网,https://news.google.com/rss/articles/CBMidkFVX3lxTE9SaHg4blBoTEhMMTJUUldieERHQ0dFM0NubW5nRGt2QWk4TmtENGc1ckFJQ2xBVlo0YzJxTUotS0FvVUJQSV9xSnJEM3AwbnY3ZUlBYmtOWmFSZnF6Z3R4dzdBX2Rnd3NhWktBRndUdVBHc1dGclE?oc=5&hl=en-US&gl=US&ceid=US:en,新浪新闻_手机新浪网,,数字经济,2026-02-10
国投智能：公司深耕数据安全、人工智能等领域 - 东方财富,https://news.google.com/rss/articles/CBMiZkFVX3lxTE9VMlF2WXBKeVRNMHdscldQUG5iSG9ZcE4xMHByTnlMWDVkektEaFBPZTF0S0dkMWROOXZ4eXJFVXEzVUc4QVdWeU9jZVZWT1dZN3RXRktpNDJfM05BTmpCWHJLNkhFZw?oc=5&hl=en-US&gl=US&ceid=US:en,东方财富,,数字经济,2026-02-10
Soben：2026年数据中心趋势报告 - 新浪网,https://news.google.com/rss/articles/CBMi-gFBVV95cUxOLWVrdS1FMUJIMkY0Qk5neWxxSWhia1oxUm5vanV6WWRiSW9VcFI1TnR1d3ZRa0RkRkN6SThpOWpYVktSUmt6UmFXYlNVSTh1Q0FHblB5UzNkYUo4LWZBQzdWQXJYamt2c2p6U0ZtaDV5LUZvNVA1MTVzVFh3OVJRZ2xhV2t6RFR3NHhCMHh0anB2SFF0WTdkZVFpaDRTTXZHdkJoUE40Uk5tTWU5RlVkNGFSNHJOYVNNaTFYSVYxRDJ6TWNVbm9MSkRTNmwwVzhXRVJDcDFhdEZpRnZFcklkdDM0SXU3bF90enhpVTFaSF9lbmhxMVRDYkRn?oc=5&hl=en-US&gl=US&ceid=US:en,新浪网,,数字经济,2026-02-10
昆明以开放之姿筑跨境数字产业高地 - 新浪新闻_手机新浪网,https://news.google.com/rss/articles/CBMidkFVX3lxTE0zbVdhc3BOODcwSkRGWkRfNHYycFBFRlREbmpqSTBGZTRXT3gyWWxlT0hUNVVfN3RWMnVFMHJDRHgtOVljUG8wanF3YnJIQVh5OEY5NlYtdmdGNUVWVTB3Nkp2RWl1TmtkMWhoaDRzM0lnNWkzU1E?oc=5&hl=en-US&gl=US&ceid=US:en,新浪新闻_手机新浪网,,数字经济,2026-02-10
一周要闻·阿联酋&卡塔尔｜萝卜快跑成为世界政府峰会唯一全无人驾驶车队/卡塔尔投资局追加20亿美元加码支持初创企业 - 36 Kr,https://news.google.com/rss/articles/CBMiTkFVX3lxTE8xT0FxSzA3QUJJM05jSGhlQ2pReFpHcmhrcHNWUVd6YUVsaEVVbFZrYUpXcFJMOEtOZ3Y3b2xoSkY2Z3JBVTIwd1BNSVFYZw?oc=5&hl=en-US&gl=US&ceid=US:en,36 Kr,,数字经济,2026-02-10
从十个方向发力！2026年，湖北这样释放数据要素价值 - SOHU,https://news.google.com/rss/articles/CBMiiwFBVV95cUxORVBQNHk4LVZiXzNWcUFaQTNoVzhmb01YaGFFV3J2UklHOVlpTTBTSzRKMWxuMnpvM1dZUkFWMloyUGF2SDFDSDFzODFhaXA1M2hoSUpNS3dkTE9CQlBmRG5GUlRhUkI3OVlYXzFFRWhvX0l4NDAxZU42bDJLelBWUkhrcTJKVlJzemxr?oc=5&hl=en-US&gl=US&ceid=US:en,SOHU,,数字经济,2026-02-10
国家生态文明试验区领导及影视界专家一行考察中广融投三项荣誉揭牌，短剧生态启动协同共创 - 中华网,https://news.google.com/rss/articles/CBMiXkFVX3lxTE1YRjhaQmJHbndzYVJsS2ZSVGZHRHFaUlBvMzBuT3lzcHJNMEtkT0c5MzAtQUVzamNMWm5kZlZsOVl3eEQwNXI5clU4Z1ZMQ294Sk4weFZ6eVE3WFhKM0E?oc=5&hl=en-US&gl=US&ceid=US:en,中华网,,数字经济,2026-02-10
中国信通院感谢信丨将认可化动力以更高标准服务数字中国 - 51CTO,https://news.google.com/rss/articles/CBMiU0FVX3lxTE1QRFlYQUNYVGpDU3F5MmF4RjVfSy1FeXplbVpqZW05QWI5cEo5dXRWUEFzWm90YjdrYmFOek1DcHZMRjZsMUs4aGVUdVZTV3prY0tV?oc=5&hl=en-US&gl=US&ceid=US:en,51CTO,,数字经济,2026-02-10
智邦国际一体化ERP筑牢企业数智化生产管理根基 - 51CTO,https://news.google.com/rss/articles/CBMiU0FVX3lxTFBud1Nqd1NsTXZPcmxhMjF6emw0STVPdE1Kb1JmZTJWX3AtUXFzaTdpWFVjazhqTnVpV3lRTnFXTDVsWEtKel9fNHBtRXZ2QTQ4eE1j?oc=5&hl=en-US&gl=US&ceid=US:en,51CTO,,数字经济,2026-02-10
从决议到实践：5项战略决策开启民族奋发图强新纪元 - Thông tấn xã Việt Nam,https://news.google.com/rss/articles/CBMi-gJBVV95cUxPRFUxbV9jdmswX2hrUGxXNDZ2Q01SRklNUGQ1cWtQd28wNjJLSWxfZnZoQTRQN1JTRUI5RkI1S1gzTWlNN2E3WGswcDI4bVdpRlZCbmlCd2FCLTltMlI3SFBCTTYyd3JuR0FvYmxCWU5zVS0tZlAwWUk0M2doc3BkTXRBWGc1NU5ZY3gyYVVUQkNLVGN2eFZuQldYTUlib05kR0VhZnRsdVFDeGw5aXpWMXFlUnN2aXpsRllkSzUtTWpETWJSdDg3TDNJVEN3YUNTU241bUYzUzI2Z0xVbloyakFlbVJ4SXpaVExRRGhFY3U3OHU4c0VIY2R4TERqd1lVMkd5RGF1QnJaUENOUFJRNFcyV1UwNW9zTXNyY2dTa3pKdUxKN192a1M1UXl1bXZPQWNjMURvODhKSWFKX1RXd1FNWlBGV19Bd3hYdm1pSW50aDNrV0tLQlVFVGU3T255VllLaGRILTJHOEx5SC1XeU5ZTjN4TnlYUnc?oc=5&hl=en-US&gl=US&ceid=US:en,Thông tấn xã Việt Nam,,数字经济,2026-02-10
越南画报中文版 - Thông tấn xã Việt Nam,https://news.google.com/rss/articles/CBMipgNBVV95cUxPZG1MV194MmVFOU9jYmNXYk9nYWI3MWlpQ1ZSVklCWDNQTTBvRG1KTVVQSTltX1Z6T0ctN1lEWVJpTV9HdkNJYzJacmRfdzJlMXV5b3Qwd0dSNGhjd1VjNk40VWQ0bi1hSmNfNnFMdVZTWWlRN1BERmtSSjYzTXNuUTVLQXFjU0hrOV9uYXdYV0hoQjM2a2ptRGlPOW1fYkdwWHRqWmVOQjJjOC1hRFJVblNnT29JaWlqVXJFMjAwSHVja205T2hDekFWc3lSQ1JMZGhoT2Y3UTEwWDB2YXZ6VUlKdmN5YUNVbXVDV3JubFA5VEhHODVWR0VPczlJR0hnYlRNYjNFc3c4TVBnMnZCWTNxeF9IWG55QWx4SmJ5cWRWM2Z4c3ZHZkZJU2JKSGJsLXZnOGJ1MnFqREs3MEY4d3hVSXJJeXdJaGVPbzAzaFZGVXRIenExbUxua0hSVmZ4ZjhOZHdzZ3NWX1YyRjFFbEtnWjZNS3VkU1BqT2tXMFozSjNPT053TmlUYmVzSEIwNklMVVdxTnVOM25zQy1VcmwwMGxnUQ?oc=5&hl=en-US&gl=US&ceid=US:en,Thông tấn xã Việt Nam,,数字经济,2026-02-10
中文在线股价飙升20%！德邦基金重仓布局引关注 - SOHU,https://news.google.com/rss/articles/CBMiiwFBVV95cUxQV1pPT0Q2UldNZlhxRG5Mb2NESjhLcmpuUXJ4YW11eVkwTVNoR2JySWU0dGtqRzFZMW1kNkNlNURrbVBvUU1DMTd6ZGdfeEkzYXhaeFdWU21BOGFZdEluYXhlNFE0dnNXY2E1b2Z5MC0wcFdiLXVtVTdVbGxndWl3TGVXaG84RlB3Mllj?oc=5&hl=en-US&gl=US&ceid=US:en,SOHU,,数字经济,2026-02-10
海淀AI数字能源产业园揭牌：聚焦**AI**与**数字能源**融合，加速产业升级 - SOHU,https://news.google.com/rss/articles/CBMiiwFBVV95cUxPZG1mZDA0UEdUY2VRZ1NqU2c2ejR1YlBCYldRWE42YjRXTFJSQlFmdUhsSGZqdk56Yk9zTVJ0RTdKaGZlSDFETl9mVW1QcTZHVy1TTXNsS0c2WTRjbDV6YnBNRGhDcWhTeWtWSTVsT0RUMHFCaGp1bFMtVVFQOUNzZ3pKbmlJRlp6ZzZ3?oc=5&hl=en-US&gl=US&ceid=US:en,SOHU,,数字经济,2026-02-10
股票市场异动：*ST原尚触及跌停，物流行业却迎上涨！ - SOHU,https://news.google.com/rss/articles/CBMiiwFBVV95cUxOUVk1OHY5OTJrQklFeXJWOUhZT25QeWlNbDJoTUJqNTFYeHVPNzlWdEptQ2hpSEJQamUwdGdrQlM1UmhlbUVza1JicU9JWjctSURNNzB6XzFtMlR6dUJNaHdqSldwVGJzVmhpQjlxaTZZNEtMVF83MHAxTU1oSEZaSm53aUxmYWxFSXc0?oc=5&hl=en-US&gl=US&ceid=US:en,SOHU,,数字经济,2026-02-10
微信小店“重庆好礼”发布：数字文旅融合，探索新春消费新模式 - SOHU,https://news.google.com/rss/articles/CBMiiwFBVV95cUxQYTNEVXQyRktXZXZtM2l1dWN0Y2NidUV2c3hvZXhIb1U5M2JsQkdCazlmZ3BPaHA2NkZ0QS1OUXNtc1lkR3diTnRmdGM0UlZPRjJIb0dCSDFwcmdqamlGaklxSHc3TVRhaWg0M1J1OGMxY29PNXgyaWFiSHpQbGM3ZkxkamVkbXk4cV9r?oc=5&hl=en-US&gl=US&ceid=US:en,SOHU,,数字经济,2026-02-10
Lazada推出专门频道以促进苏门答腊岛经济复苏 - VOI.id,https://news.google.com/rss/articles/CBMiQkFVX3lxTFBQNS1wZ0hFWHFBcXZYMDV6dXlMdGYtSGktUXYtckduX0ppN0xmZXFvOU1xaTY0SWx5R1BKZzhSa29jQdIBQkFVX3lxTFBQNS1wZ0hFWHFBcXZYMDV6dXlMdGYtSGktUXYtckduX0ppN0xmZXFvOU1xaTY0SWx5R1BKZzhSa29jQQ?oc=5&hl=en-US&gl=US&ceid=US:en,VOI.id,,数字经济,2026-02-10
2月9日中恒电气涨6.15%，财通资管数字经济混合发起式A基金重仓该股 - 网易,https://news.google.com/rss/articles/CBMiYkFVX3lxTE9KZk5zWXlacmtJcUNNeEFXUjlIWElMNVZ4ankxR0R2WGVsVmowdmotQ0hSd1BpQTBRb3kxVWlmcGNkY3pRUmU3dWFkSldCM0M1a0hRQkRoMW56VXJqVGliWW9n?oc=5&hl=en-US&gl=US&ceid=US:en,网易,,数字经济,2026-02-10
2月9日伊戈尔涨6.88%，财通资管数字经济混合发起式A基金重仓该股 - 网易,https://news.google.com/rss/articles/CBMiYkFVX3lxTE9YV3lxTVYxREpsX1RKalJfbmNlYjlBNmpSZXZ3bnVhS1hlMS12TGgxbW9ZdzNBNTFZSFZaV3o4Qm9Xc29OeUNITUpUdFVheXRidUlTY3JyWXNJaTN1ZEc3b1p3?oc=5&hl=en-US&gl=US&ceid=US:en,网易,,数字经济,2026-02-10
浙江省经信厅关于2025年首批浙江省先进制造业集群品牌培育名单的公示 - 网易,https://news.google.com/rss/articles/CBMiYkFVX3lxTE9GXzRuZFBSejBYMTZyWWVYSDVoY1lIOUN5REY4ME1tYXNlaG5SeGtqX08tY2lLRW1hZXFRQm5jS3NQdXhtckdmMHRRREVLVVU1c0FscEVaR29FQk0tM3Ayd0ZR?oc=5&hl=en-US&gl=US&ceid=US:en,网易,,数字经济,2026-02-10
